FUNDOS,TIPO,PREÇO ATUAL (R$),LIQUIDEZ DIÁRIA (R$),P/VP,DIVIDEND YIELD,DY (12M) ACUMULADO,DY (3M) MÉDIA,DY (12M) MÉDIA,VARIAÇÃO PREÇO,PATRIMÔNIO LÍQUIDO,VPA,P/VPA,DY PATRIMONIAL,VARIAÇÃO PATRIMONIAL,QUANT. ATIVOS,VOLATILIDADE,NUM. COTISTAS,TAX. GESTÃO,TAX. PERFORMANCE,TAX. ADMINISTRAÇÃO
PRTS11,SHOPPING,"117,70",N/A,"1.961,67",N/A,N/A,N/A,N/A,N/A,"3.111.607,44",N/A,N/A,N/A,N/A,2,N/A,11,N/A,N/A,N/A
SRVD11,TIJOLO,"3,00","233,91","583,00","2,29 %","3,30 %","1,65 %","1,65 %","-9,79 %","-720.474,07","1,19","2,53","16,87 %","-0,11 %",0,"135,21",107,N/A,N/A,N/A
IBFF11,TIJOLO,"66,40","162.549,50","4,49","0,00 %","8,02 %","0,15 %","0,67 %","0,00 %","9.855.905,16","14,78","4,49","100,08 %","-79,09 %",0,"4,20",3.87,N/A,N/A,N/A
RBRM11,DESENVOLVIMENTO,"94.794,81",N/A,"3,45","0,00 %","0,00 %","0,00 %","0,00 %","0,00 %","14.823.845,13",N/A,N/A,N/A,N/A,0,N/A,54,N/A,N/A,N/A
LOFT11B,DESENVOLVIMENTO,"29,90",N/A,"2,84","0,00 %","189,83 %","0,00 %","15,82 %","0,00 %","20.644.665,73",N/A,N/A,N/A,N/A,16,N/A,1,N/A,N/A,N/A
KINP11,DESENVOLVIMENTO,"9,82","38.394,20","2,66","0,00 %","31,63 %","1,64 %","2,64 %","0,00 %","26.408.606,84","3,69","2,66","78,46 %","-16,14 %",0,"44,90",1.932,N/A,N/A,N/A
LFTT11,PAPEL,"42,04","14.357,00","1,89",N/A,N/A,N/A,N/A,N/A,"164.926.019,11","22,27","1,89","12,88 %","-44,38 %",250,"41,20",495,N/A,N/A,N/A
RBTS11,DESENVOLVIMENTO,"1.111,00","1.111,00","1,55","0,00 %","0,00 %","0,00 %","0,00 %","0,00 %","40.453.329,84","715,67","1,55","11,01 %","-34,57 %",0,"60,77",61,N/A,N/A,N/A
ERCR11,TIJOLO,"76.000,00",N/A,"1,47","0,00 %","0,00 %","0,00 %","0,00 %","0,00 %","122.839.762,11","51.700,24","1,47","1,26 %","-22,29 %",0,N/A,10,N/A,N/A,N/A
FISC11,TIJOLO,"165,00",N/A,"1,43","0,00 %","0,00 %","0,00 %","0,00 %","0,00 %","195.644.934,32","115,09","1,43","0,39 %","0,03 %",5,N/A,64,N/A,N/A,N/A
SHOP11,SHOPPING,"68,00","679,86","1,43",N/A,N/A,N/A,N/A,N/A,"70.437.259,73",N/A,N/A,N/A,N/A,1,"34,26",45,N/A,N/A,N/A
BNFS11,TIJOLO,"122,58","129.446,45","1,36","1,15 %","14,58 %","1,21 %","1,22 %","0,11 %","63.118.902,00","90,17","1,36","1,56 %","-1,35 %",18,"14,79",4.965,N/A,N/A,N/A
IDGR11,MISTO,"16,00","1.697,45","1,35","8,24 %","8,24 %","8,24 %","8,24 %","0,00 %","10.803.361,12",N/A,N/A,N/A,N/A,0,"131,27",51,N/A,N/A,N/A
HGIC11,PAPEL,"105,00","15.826,06","1,31","1,00 %","10,80 %","0,97 %","0,90 %","0,92 %","37.211.024,89","80,42","1,31","1,32 %","-29,90 %",0,"32,08",366,N/A,N/A,N/A
DAMT11B,SHOPPING,"17,01","720,73","1,29","0,42 %","6,16 %","0,42 %","0,62 %","1,03 %","96.166.275,23",N/A,N/A,N/A,N/A,1,"97,84",568,N/A,N/A,N/A
PNDL11,DESENVOLVIMENTO,"1.295,00","1.234.876,00","1,25","0,00 %","0,00 %","0,00 %","0,00 %","0,00 %","118.301.209,67",N/A,N/A,N/A,N/A,0,"62,13",57,N/A,N/A,N/A
HDEL11,TIJOLO,"106,09","7.956,50","1,18","0,00 %","0,00 %","0,00 %","0,00 %","0,00 %","75.601.654,07",N/A,N/A,N/A,N/A,0,"12,91",58,N/A,N/A,N/A
SOLR11,TIJOLO,"1.128,06","1.058,50","1,16","0,00 %","0,00 %","0,00 %","0,00 %","0,00 %","60.996.149,20",N/A,N/A,N/A,N/A,1,"102,03",52,N/A,N/A,N/A
HTMX11,TIJOLO,"152,99","719.868,73","1,16","1,98 %","14,58 %","1,61 %","1,22 %","4,52 %","198.653.243,57","132,05","1,16","2,16 %","-5,91 %",23,"26,95",28.727,N/A,N/A,N/A
KEVE11,DESENVOLVIMENTO,"1.058,00","110.081,08","1,16","0,00 %","4,66 %","1,13 %","0,39 %","0,00 %","136.042.340,06","918,28","1,15","2,13 %","-1,49 %",0,"35,28",500,N/A,N/A,N/A
MCHY11,PAPEL,"109,01","50.693,12","1,13","1,17 %","16,89 %","1,17 %","1,41 %","0,27 %","353.504.655,02","98,48","1,11","1,32 %","-1,86 %",0,"22,68",1.019,N/A,N/A,N/A
FIIB11,TIJOLO,"520,00","181.285,91","1,13","0,71 %","8,83 %","0,72 %","0,74 %","1,92 %","316.182.003,59","461,58","1,13","0,81 %","0,02 %",9,"16,58",16.693,N/A,N/A,N/A
TRXB11,DESENVOLVIMENTO,"120,02","1.137.284,82","1,12","0,74 %","8,28 %","0,50 %","0,69 %","4,17 %","307.506.511,69",N/A,N/A,N/A,N/A,12,"58,16",202,N/A,N/A,N/A
BLUR11,PAPEL,"101,20","5.834,05","1,11","1,03 %","7,24 %","1,03 %","0,60 %","-0,01 %","8.086.161,64",N/A,N/A,N/A,N/A,0,"36,43",114,N/A,N/A,N/A
HSRE11,MISTO,"104,00","2.844.895,30","1,11","0,00 %","4,84 %","0,39 %","0,40 %","0,00 %","831.526.432,14","93,44","1,11","0,64 %","-2,71 %",27,"24,96",209,N/A,N/A,N/A
MXRF11,PAPEL,"10,98","11.462.706,27","1,11","0,99 %","12,63 %","1,04 %","1,05 %","0,91 %","2.557.985.633,69","9,87","1,11","1,11 %","-2,37 %",3,"9,03",977.47,N/A,N/A,N/A
OGHY11,TIJOLO,"10,50","5.949,00","1,11","1,24 %","8,93 %","1,26 %","1,49 %","2,94 %","19.756.310,64",N/A,N/A,N/A,N/A,0,"12,08",555,N/A,N/A,N/A
ALZR11,MISTO,"115,21","2.050.360,70","1,09","0,71 %","8,45 %","0,71 %","0,70 %","-0,97 %","1.040.889.348,39","105,56","1,09","0,78 %","-1,24 %",13,"11,66",146.409,N/A,N/A,N/A
SEED11,TIJOLO,"100,00","24.849,00","1,09","0,77 %","2,41 %","0,42 %","0,20 %","0,00 %","149.971.305,33",N/A,N/A,N/A,N/A,0,"16,03",126,N/A,N/A,N/A
TGAR11,DESENVOLVIMENTO,"121,29","4.370.934,45","1,07","1,12 %","13,83 %","1,14 %","1,15 %","4,59 %","1.580.078.952,49","114,63","1,06","1,25 %","-10,29 %",8,"13,31",118.82,N/A,N/A,N/A
FLRP11,SHOPPING,"1.921,53","27.675,48","1,07","0,67 %","8,49 %","0,68 %","0,71 %","0,70 %","118.955.623,35","1.823,58","1,05","0,74 %","-0,17 %",1,"50,89",775,N/A,N/A,N/A
NEWU11,TIJOLO,"73,30","161.904,40","1,07","0,27 %","2,43 %","0,27 %","0,20 %","2,58 %","51.004.383,36","68,74","1,07","0,29 %","-1,25 %",3,"31,01",1.463,N/A,N/A,N/A
CCME11,TIJOLO,"108,50","13.564,39","1,06","0,83 %","3,31 %","0,55 %","0,30 %","-0,71 %","555.161.052,45",N/A,N/A,N/A,N/A,2,"64,77",148,N/A,N/A,N/A
CJCT11,TIJOLO,"69,00","31.227,89","1,06","0,11 %","25,23 %","0,12 %","2,10 %","5,88 %","207.823.395,97","57,90","1,19","0,00 %","0,58 %",1,"43,89",1.12,N/A,N/A,N/A
BBRC11,TIJOLO,"114,80","82.354,61","1,06","0,97 %","12,31 %","0,99 %","1,03 %","-1,77 %","170.342.991,30","107,13","1,07","1,05 %","-0,49 %",20,"15,60",9.591,N/A,N/A,N/A
GTLG11,TIJOLO,"63,99","22.885,25","1,06",N/A,N/A,N/A,N/A,N/A,"434.811.690,70","60,62","1,06","100,00 %","-35,83 %",5,"40,80",341,N/A,N/A,N/A
RDPD11,PAPEL,"22,96","98.337,21","1,06","1,32 %","48,89 %","2,13 %","4,07 %","7,36 %","24.085.452,18","33,95","0,68","0,94 %","-37,05 %",0,"54,16",3.141,N/A,N/A,N/A
VVRI11,TIJOLO,"98,70","5.730,72","1,06","1,30 %","8,47 %","1,31 %","1,41 %","1,32 %","37.903.168,98",N/A,N/A,N/A,N/A,1,"22,64",99,N/A,N/A,N/A
EDFO11B,TIJOLO,"190,04","6.269,90","1,05","0,92 %","9,55 %","0,61 %","0,80 %","0,00 %","42.640.599,44","180,68","1,05","0,99 %","-5,84 %",1,"62,15",538,N/A,N/A,N/A
HGRU11,MISTO,"129,32","8.124.170,06","1,05","0,61 %","9,46 %","0,63 %","0,79 %","4,50 %","2.269.285.057,02","123,29","1,05","0,69 %","0,33 %",71,"14,39",207.371,N/A,N/A,N/A
BTHI11,TIJOLO,"44,97","66.410,21","1,05","0,93 %","118,10 %","35,42 %","9,84 %","-63,41 %","393.972.710,53",N/A,N/A,N/A,N/A,12,"76,91",543,N/A,N/A,N/A
XPHT11,TIJOLO,"123,00","230.869,59","1,05","0,93 %","118,10 %","35,42 %","9,84 %","-63,41 %","393.972.710,53","42,74","2,88","0,98 %","-54,64 %",12,"29,85",543,N/A,N/A,N/A
TRXF11,TIJOLO,"107,75","7.195.120,15","1,05","0,80 %","10,01 %","0,80 %","0,83 %","-0,97 %","1.366.990.696,26","103,01","1,05","0,87 %","-2,31 %",30,"8,79",108.373,N/A,N/A,N/A
HUSI11,TIJOLO,"1.159,53","3.478,00","1,04","0,00 %","2,68 %","0,00 %","0,22 %","0,00 %","129.447.241,67","1.112,45","1,04","0,76 %","12,01 %",0,"247,14",86,N/A,N/A,N/A
EQIR11,TIJOLO,"10,10","116.355,21","1,04","1,15 %","14,47 %","1,21 %","1,21 %","6,67 %","48.808.000,30","9,84","1,03","1,12 %","0,82 %",0,"19,09",9.835,N/A,N/A,N/A
IAAG11,TIJOLO,"10,02","103.464,97","1,04","0,80 %","2,11 %","1,06 %","1,06 %","1,01 %","52.471.824,91","9,63","1,04","0,83 %","0,00 %",0,"9,62",1.46,N/A,N/A,N/A
HGCR11,PAPEL,"105,87","3.739.927,45","1,04","1,02 %","13,57 %","1,03 %","1,13 %","0,43 %","1.571.197.334,48","101,91","1,04","1,08 %","0,94 %",0,"10,89",103.567,N/A,N/A,N/A
TRBL11,TIJOLO,"98,51","860.138,33","1,04","0,73 %","10,12 %","0,73 %","0,84 %","-2,09 %","610.382.959,16",N/A,N/A,N/A,N/A,5,"15,29",62.415,N/A,N/A,N/A
VVPR11,MISTO,"101,50","1.249.061,55","1,04","0,89 %","9,72 %","0,82 %","0,81 %","0,40 %","226.032.234,18","98,03","1,04","0,74 %","-0,10 %",6,"3,43",1.372,N/A,N/A,N/A
HGLG11,TIJOLO,"158,97","14.394.290,79","1,04","0,68 %","9,03 %","0,68 %","0,75 %","-0,46 %","5.188.164.546,57","153,55","1,04","0,72 %","-0,31 %",21,"8,25",411.044,N/A,N/A,N/A
ARXD11,PAPEL,"102,00","3.252,38","1,03","0,00 %","0,00 %","0,00 %","0,00 %","0,00 %","48.564.346,47",N/A,N/A,N/A,N/A,0,"9,43",69,N/A,N/A,N/A
GRWA11,TIJOLO,"10,92","53.377,48","1,03","1,43 %","8,53 %","1,41 %","1,42 %","0,67 %","13.004.797,41","10,26","1,06","1,46 %","0,00 %",0,"5,94",1.174,N/A,N/A,N/A
NCRA11,TIJOLO,"10,79","240.571,70","1,03","1,35 %","17,07 %","1,28 %","1,42 %","-0,99 %","46.710.088,55","10,62","1,02","1,39 %","0,00 %",0,"12,36",8.127,N/A,N/A,N/A
OCRE11,PAPEL,"103,00","20.466,10","1,03","0,67 %","0,67 %","0,67 %","0,67 %","0,00 %","28.596.294,55",N/A,N/A,N/A,N/A,0,"8,68",425,N/A,N/A,N/A
RBVA11,TIJOLO,"110,84","849.024,24","1,03","0,88 %","12,08 %","0,89 %","1,01 %","1,57 %","1.250.792.219,21","107,94","1,03","0,93 %","-1,32 %",77,"11,23",46.914,N/A,N/A,N/A
RZAG11,TIJOLO,"9,70","2.483.522,03","1,02","1,27 %","15,47 %","1,37 %","1,29 %","1,55 %","647.791.521,89","9,52","1,02","1,31 %","-0,40 %",0,"12,21",78.092,N/A,N/A,N/A
BRCO11,TIJOLO,"123,42","2.861.207,30","1,02","0,70 %","8,10 %","0,70 %","0,68 %","-0,99 %","1.789.447.512,81","121,08","1,02","0,72 %","-0,33 %",10,"16,50",117.742,N/A,N/A,N/A
RBRY11,PAPEL,"100,44","2.185.979,00","1,02","1,19 %","14,34 %","1,18 %","1,20 %","-1,43 %","542.959.469,85","97,89","1,03","1,23 %","-2,00 %",0,"16,62",37.109,N/A,N/A,N/A
KNHF11,TIJOLO,"104,49","983.253,55","1,02","0,79 %","1,75 %","1,75 %","1,75 %","1,92 %","989.633.425,51",N/A,N/A,N/A,N/A,0,"10,41",12.406,N/A,N/A,N/A
KNCA11,TIJOLO,"105,42","3.238.726,42","1,02","1,03 %","14,23 %","1,07 %","1,19 %","-0,01 %","2.223.951.028,31","102,96","1,02","1,07 %","0,76 %",0,"11,85",54.626,N/A,N/A,N/A
CACR11,PAPEL,"104,00","773.611,30","1,02","1,34 %","16,66 %","1,33 %","1,39 %","0,08 %","184.164.803,08","101,89","1,02","1,39 %","-1,58 %",0,"8,80",12.874,N/A,N/A,N/A
FGAA11,TIJOLO,"9,75","1.393.347,36","1,02","1,20 %","16,33 %","1,26 %","1,36 %","-0,99 %","340.817.912,71","9,59","1,02","1,25 %","0,00 %",0,"7,88",40.052,N/A,N/A,N/A
XPCA11,TIJOLO,"9,67","1.761.797,42","1,02","1,11 %","15,58 %","1,28 %","1,30 %","2,90 %","431.793.939,36","9,49","1,02","1,16 %","-0,01 %",0,"10,94",79.536,N/A,N/A,N/A
BTLG11,TIJOLO,"100,10","6.689.699,39","1,02","0,75 %","9,02 %","0,74 %","0,75 %","-3,21 %","2.803.320.267,77","98,39","1,02","0,77 %","-0,38 %",20,"10,83",249.291,N/A,N/A,N/A
RINV11,TIJOLO,"110,21","129.114,15","1,02","1,06 %","9,55 %","1,36 %","1,19 %","2,35 %","76.981.368,06",N/A,N/A,N/A,N/A,0,"7,72",722,N/A,N/A,N/A
AFHI11,PAPEL,"97,23","1.036.260,30","1,02","1,07 %","13,04 %","1,07 %","1,09 %","0,22 %","317.865.129,37","95,08","1,02","1,10 %","0,12 %",0,"8,95",25.035,N/A,N/A,N/A
VGHF11,MISTO,"9,50","3.304.958,73","1,02","1,03 %","13,55 %","1,17 %","1,13 %","1,04 %","876.229.160,55","9,30","1,02","1,08 %","1,53 %",0,"11,83",313.289,N/A,N/A,N/A
RSPD11,DESENVOLVIMENTO,"1.125,00","3.375,00","1,02","2,60 %","2,60 %","0,87 %","0,26 %","0,00 %","164.859.659,65","1.130,10","1,00","0,98 %","-1,08 %",0,N/A,105,N/A,N/A,N/A
LVBI11,TIJOLO,"115,61","2.871.507,61","1,02","0,67 %","8,60 %","0,67 %","0,72 %","1,71 %","1.399.856.294,52","115,87","1,00","0,68 %","0,32 %",8,"18,74",82.035,N/A,N/A,N/A
HGBS11,SHOPPING,"228,22","7.572.425,48","1,02","0,86 %","8,93 %","0,80 %","0,74 %","0,24 %","2.246.476.694,74","224,65","1,02","0,89 %","1,23 %",12,"12,95",91.731,N/A,N/A,N/A
SDIL11,TIJOLO,"96,50","1.030.917,86","1,01","0,76 %","10,27 %","0,83 %","0,86 %","2,04 %","612.048.658,06","98,33","0,98","0,83 %","-0,22 %",5,"14,97",63.292,N/A,N/A,N/A
GCOI11,TIJOLO,"98,99","98.990,00","1,01","0,00 %","0,00 %","0,00 %","0,00 %","0,00 %","11.028.544,12",N/A,N/A,N/A,N/A,0,N/A,357,N/A,N/A,N/A
VISC11,SHOPPING,"117,35","8.620.730,73","1,01","0,77 %","8,93 %","0,75 %","0,74 %","-1,66 %","2.153.513.601,79","115,84","1,01","0,79 %","-6,45 %",20,"14,86",263.962,N/A,N/A,N/A
ITIP11,PAPEL,"76,95","78.737,79","1,01","0,86 %","12,26 %","0,93 %","1,02 %","-0,22 %","56.935.514,35","76,10","1,01","0,88 %","-4,98 %",0,"13,86",4.07,N/A,N/A,N/A
SNCI11,PAPEL,"99,43","621.082,30","1,01","1,00 %","12,46 %","1,00 %","1,04 %","0,17 %","411.247.594,36","97,92","1,02","1,02 %","0,53 %",0,"10,97",44.253,N/A,N/A,N/A
ASRF11,TIJOLO,"10.092,00","30.276,00","1,01","0,00 %","0,00 %","0,00 %","0,00 %","0,00 %","23.981.681,14",N/A,N/A,N/A,N/A,0,N/A,55,N/A,N/A,N/A
BTSG11,TIJOLO,"139,08","1.321,00","1,01","0,00 %","1,73 %","0,00 %","0,14 %","0,00 %","106.744.336,64","137,73","1,01","0,67 %","0,06 %",1,"73,09",64,N/A,N/A,N/A
XPLG11,TIJOLO,"110,65","3.467.469,52","1,01","0,69 %","8,74 %","0,69 %","0,73 %","0,06 %","2.995.315.827,38","110,52","1,00","0,71 %","-2,98 %",20,"12,99",312.65,N/A,N/A,N/A
ALZM11,TIJOLO,"91,44","228.193,58","1,01","0,86 %","11,95 %","0,82 %","1,00 %","-1,11 %","62.659.474,48","90,65","1,01","0,88 %","-2,05 %",0,"21,59",3.908,N/A,N/A,N/A
PNRC11,TIJOLO,"102,49","112.459,00","1,01","0,00 %","0,00 %","0,00 %","0,00 %","0,00 %","41.685.243,44",N/A,N/A,N/A,N/A,0,"1,53",60,N/A,N/A,N/A
KNHY11,PAPEL,"101,84","2.061.429,52","1,01","0,87 %","12,30 %","0,87 %","1,03 %","0,69 %","1.879.360.888,96","101,64","1,00","0,89 %","3,98 %",0,"9,94",15.326,N/A,N/A,N/A
SNAG11,PAPEL,"10,15","1.606.899,73","1,00","0,97 %","13,64 %","1,10 %","1,14 %","-0,48 %","337.076.659,93","10,11","1,00","0,99 %","-90,02 %",0,"5,79",66.291,N/A,N/A,N/A
RBLG11,TIJOLO,"102,00","1.867,80","1,00","0,95 %","7,43 %","0,63 %","0,62 %","0,00 %","65.085.022,08","101,66","1,00","0,93 %","1,17 %",1,"35,76",211,N/A,N/A,N/A
PQAG11,TIJOLO,"57,25","8.030,25","1,00","0,77 %","9,69 %","0,78 %","0,81 %","0,85 %","799.137.578,09","57,11","1,00","0,77 %","-0,26 %",1,"17,64",483,N/A,N/A,N/A
GALG11,TIJOLO,"9,19","950.030,52","1,00","0,90 %","10,94 %","0,90 %","0,91 %","1,97 %","525.634.425,18","9,18","1,00","0,92 %","-1,40 %",5,"11,15",82.853,N/A,N/A,N/A
JBFO11,PAPEL,"87,00","87,00","1,00","0,00 %","0,00 %","0,00 %","0,00 %","0,00 %","111.042.439,85",N/A,N/A,N/A,N/A,0,"38,50",364,N/A,N/A,N/A
GGRC11,TIJOLO,"113,28","1.253.255,82","1,00","0,82 %","10,44 %","0,80 %","0,87 %","-1,98 %","1.025.718.064,30","113,56","1,00","0,84 %","-8,69 %",17,"16,32",106.093,N/A,N/A,N/A
EGAF11,TIJOLO,"98,85","722.319,97","1,00","1,28 %","25,74 %","1,39 %","2,15 %","1,00 %","186.718.830,09","98,85","1,00","1,31 %","0,00 %",0,"9,68",7.402,N/A,N/A,N/A
KNCR11,PAPEL,"100,89","12.919.497,61","1,00","1,09 %","13,83 %","1,15 %","1,15 %","1,27 %","5.765.511.516,60","100,98","1,00","1,09 %","0,23 %",0,"8,42",288.834,N/A,N/A,N/A
RZTR11,MISTO,"100,22","2.348.738,64","1,00","1,09 %","11,97 %","0,95 %","1,00 %","2,17 %","1.116.898.488,23","101,09","0,99","1,09 %","3,76 %",17,"19,50",92.058,N/A,N/A,N/A
FCFL11,TIJOLO,"114,02","193.706,88","1,00","0,73 %","8,58 %","0,70 %","0,72 %","-0,47 %","403.736.608,50","116,22","0,98","0,73 %","0,04 %",1,"21,83",3.559,N/A,N/A,N/A
TSER11,TIJOLO,"100,00","488,57","1,00","0,00 %","4,50 %","0,30 %","0,38 %","0,00 %","128.784.431,31",N/A,N/A,N/A,N/A,1,"105,42",32,N/A,N/A,N/A
JGPX11,TIJOLO,"95,80","702.018,52","1,00","0,81 %","15,03 %","1,15 %","1,25 %","-4,05 %","204.721.961,44","95,61","1,00","0,84 %","-0,38 %",0,"14,20",7.546,N/A,N/A,N/A
SIGR11,TIJOLO,"100,00","340.000,00","1,00","0,00 %","0,00 %","0,00 %","0,00 %","0,00 %","39.066.430,94",N/A,N/A,N/A,N/A,0,"0,34",53,N/A,N/A,N/A
KNRI11,MISTO,"157,66","3.780.135,73","1,00","0,61 %","8,00 %","0,60 %","0,67 %","2,70 %","3.854.343.950,84","159,55","0,99","0,63 %","-0,18 %",19,"14,19",260.463,N/A,N/A,N/A
RBHG11,PAPEL,"90,00","298.179,97","1,00","1,16 %","14,81 %","1,17 %","1,23 %","0,00 %","157.129.376,24","90,95","0,99","1,15 %","-1,23 %",0,"10,44",9.735,N/A,N/A,N/A
MCCI11,PAPEL,"93,40","3.487.443,21","1,00","0,95 %","12,80 %","0,95 %","1,07 %","-0,05 %","1.597.027.791,58","93,50","1,00","0,96 %","1,08 %",0,"17,26",117.569,N/A,N/A,N/A
BICE11,TIJOLO,"983,00","51.782,33","1,00","0,80 %","3,89 %","0,53 %","0,32 %","0,00 %","89.144.416,35","987,09","1,00","0,81 %","-0,97 %",0,"49,25",116,N/A,N/A,N/A
JSAF11,TIJOLO,"99,05","1.081.699,18","0,99","1,00 %","12,72 %","0,97 %","1,06 %","1,39 %","155.939.199,09","99,13","1,00","1,01 %","5,52 %",0,"20,97",10.789,N/A,N/A,N/A
RZAK11,PAPEL,"92,43","3.037.108,09","0,99","1,38 %","15,85 %","1,28 %","1,32 %","-1,05 %","814.860.233,83","92,51","1,00","1,41 %","-1,28 %",0,"17,55",50.614,N/A,N/A,N/A
SPXS11,TIJOLO,"95,25","667.793,00","0,99","1,19 %","13,06 %","1,22 %","1,09 %","-4,26 %","193.927.021,21",N/A,N/A,N/A,N/A,0,"24,04",6.48,N/A,N/A,N/A
RBHY11,PAPEL,"93,19","134.577,36","0,99","1,20 %","15,10 %","1,22 %","1,26 %","-0,57 %","176.371.062,94","93,15","1,00","1,23 %","-1,03 %",0,"11,79",3.631,N/A,N/A,N/A
LASC11,SHOPPING,"101,00","3.092.401,13","0,99","0,56 %","9,60 %","0,58 %","0,80 %","-1,51 %","300.321.235,18","102,14","0,99","0,56 %","-4,51 %",2,"18,31",392,N/A,N/A,N/A
LIFE11,TIJOLO,"10,13","198.286,67","0,99","1,19 %","15,76 %","1,18 %","1,31 %","-1,66 %","226.123.667,17",N/A,N/A,N/A,N/A,0,"24,32",4.553,N/A,N/A,N/A
PLCR11,PAPEL,"91,12","335.006,52","0,99","0,97 %","13,98 %","1,08 %","1,17 %","2,08 %","193.583.680,95","91,78","0,99","0,98 %","1,20 %",0,"10,53",16.866,N/A,N/A,N/A
MANA11,TIJOLO,"9,70","140.306,39","0,99","1,01 %","13,34 %","1,07 %","1,11 %","-1,49 %","208.068.812,90",N/A,N/A,N/A,N/A,0,"26,88",5.636,N/A,N/A,N/A
CRAA11,TIJOLO,"100,50","124.113,09","0,99","1,27 %","9,78 %","1,27 %","1,63 %","-0,63 %","50.207.099,94","101,46","0,99","1,28 %","0,00 %",0,"5,94",1.615,N/A,N/A,N/A
HGAG11,TIJOLO,"23,58","7.122,00","0,99","0,60 %","13,26 %","0,80 %","1,11 %","0,24 %","5.906.966,62","23,79","0,99","0,63 %","0,00 %",0,"106,11",1.382,N/A,N/A,N/A
LLAO11,MISTO,"77,37","551.253,00","0,99",N/A,N/A,N/A,N/A,N/A,"28.233.080,39",N/A,N/A,N/A,N/A,17,"185,46",77,N/A,N/A,N/A
FLCR11,PAPEL,"97,60","80.685,79","0,99","1,03 %","13,63 %","0,98 %","1,14 %","0,05 %","62.213.955,03","98,19","0,99","1,02 %","-0,23 %",0,"11,23",2.727,N/A,N/A,N/A
RPRI11,PAPEL,"99,90","257.885,30","0,99","0,81 %","14,33 %","0,90 %","1,19 %","-1,45 %","226.861.247,97",N/A,N/A,N/A,N/A,0,"22,95",2.859,N/A,N/A,N/A
JPPA11,PAPEL,"96,49","231.890,24","0,99","1,11 %","15,83 %","1,16 %","1,32 %","-4,38 %","88.396.683,59","97,78","0,99","1,13 %","-0,55 %",0,"11,26",9.548,N/A,N/A,N/A
AAZQ11,TIJOLO,"9,30","710.115,76","0,98","1,28 %","12,10 %","1,28 %","1,51 %","0,21 %","227.315.695,26","9,46","0,98","1,27 %","0,00 %",0,"15,06",19.556,N/A,N/A,N/A
TJKB11,TIJOLO,"262,50","4.724,80","0,98","0,00 %","0,93 %","0,00 %","0,08 %","0,00 %","201.946.069,65",N/A,N/A,N/A,N/A,7,"12,37",74,N/A,N/A,N/A
HSML11,SHOPPING,"92,85","2.475.466,82","0,98","0,79 %","10,03 %","0,78 %","0,84 %","-2,78 %","1.494.660.725,10","94,71","0,98","0,78 %","-2,94 %",7,"14,19",165.405,N/A,N/A,N/A
OUJP11,PAPEL,"96,40","542.310,64","0,98","1,00 %","14,69 %","1,09 %","1,22 %","-1,57 %","321.778.420,43","98,94","0,97","1,01 %","-0,95 %",0,"13,59",29.384,N/A,N/A,N/A
ARRI11,PAPEL,"8,76","249.649,73","0,98","1,12 %","14,51 %","1,11 %","1,21 %","0,34 %","116.471.850,11","8,92","0,98","1,12 %","0,68 %",0,"14,44",28.123,N/A,N/A,N/A
KFOF11,TIJOLO,"97,76","1.370.521,97","0,98","0,81 %","10,64 %","0,79 %","0,89 %","1,81 %","447.679.979,74","98,75","0,99","0,81 %","8,67 %",0,"22,54",20.006,N/A,N/A,N/A
KNSC11,PAPEL,"87,75","2.554.999,39","0,98","0,82 %","11,61 %","0,83 %","0,97 %","1,26 %","1.200.043.719,84","90,39","0,97","0,83 %","2,56 %",0,"11,13",107.493,N/A,N/A,N/A
HBCR11,TIJOLO,"118,47","904.530,78","0,98","0,45 %","3,23 %","0,15 %","0,27 %","0,00 %","138.909.498,40",N/A,N/A,N/A,N/A,4,"29,30",40,N/A,N/A,N/A
CPTR11,TIJOLO,"9,57","1.430.013,64","0,98","1,00 %","2,54 %","0,42 %","0,21 %","-89,77 %","404.010.251,94","9,76","0,98","1,02 %","-90,11 %",0,"90,75",23.767,N/A,N/A,N/A
EVBI11,MISTO,"96,01","170.414,64","0,98","0,77 %","9,52 %","0,81 %","0,79 %","0,51 %","211.043.876,41","97,98","0,98","0,77 %","-1,76 %",6,"19,98",1.033,N/A,N/A,N/A
VGIA11,TIJOLO,"9,32","3.956.383,67","0,98","1,26 %","16,76 %","1,32 %","1,40 %","-0,10 %","821.627.874,80","9,50","0,98","1,26 %","-0,30 %",0,"11,75",151.1,N/A,N/A,N/A
CPSH11,TIJOLO,"108,49","662.750,79","0,98","0,68 %","3,51 %","0,85 %","1,17 %","-9,36 %","329.158.261,54",N/A,N/A,N/A,N/A,1,"22,96",271,N/A,N/A,N/A
RBED11,TIJOLO,"140,00","646.104,06","0,98","0,99 %","12,07 %","1,02 %","1,01 %","2,39 %","338.809.927,42","143,87","0,97","0,99 %","-0,15 %",7,"15,76",13.222,N/A,N/A,N/A
BTCI11,PAPEL,"9,86","2.341.918,27","0,98","1,02 %","12,39 %","1,04 %","1,03 %","1,85 %","1.004.085.952,88",N/A,N/A,N/A,N/A,0,"89,89",123.083,N/A,N/A,N/A
GURB11,TIJOLO,"108,30","6.226.725,83","0,97","0,00 %","0,83 %","0,00 %","0,07 %","0,00 %","126.243.376,27",N/A,N/A,N/A,N/A,2,"12,19",20,N/A,N/A,N/A
OIAG11,TIJOLO,"9,47","258.095,79","0,97","1,31 %","16,20 %","1,30 %","1,35 %","-1,76 %","88.404.386,94","9,79","0,97","1,28 %","0,00 %",0,"17,07",10.782,N/A,N/A,N/A
JRDM11,SHOPPING,"85,90","610.682,00","0,97",N/A,N/A,N/A,N/A,N/A,"224.143.181,16","88,84","0,97","0,45 %","-1,16 %",1,"20,46",4.001,N/A,N/A,N/A
CYCR11,TIJOLO,"9,39","243.916,30","0,97","1,05 %","14,05 %","1,07 %","1,17 %","1,60 %","159.667.573,83","9,79","0,96","1,02 %","2,62 %",0,"17,59",13.61,N/A,N/A,N/A
MALL11,SHOPPING,"115,49","2.560.190,79","0,96","0,72 %","8,80 %","0,71 %","0,73 %","0,32 %","1.090.919.149,65","119,56","0,97","0,71 %","-0,29 %",9,"13,01",129.157,N/A,N/A,N/A
MGCR11,PAPEL,"9,40","259.145,59","0,96","0,00 %","11,50 %","0,39 %","0,96 %","0,00 %","131.240.792,97","9,78","0,96","1,02 %","-89,08 %",0,"13,18",4.36,N/A,N/A,N/A
RBRX11,TIJOLO,"91,45","877.640,85","0,96","1,13 %","16,11 %","1,16 %","1,34 %","-0,13 %","179.203.185,59",N/A,N/A,N/A,N/A,0,"15,73",6.641,N/A,N/A,N/A
TEPP11,TIJOLO,"90,88","1.380.273,94","0,96","0,63 %","8,52 %","0,65 %","0,71 %","3,52 %","401.122.964,00","95,01","0,96","0,61 %","-0,74 %",5,"23,54",20.636,N/A,N/A,N/A
XPCI11,PAPEL,"87,93","2.242.460,94","0,96","1,08 %","12,45 %","1,09 %","1,04 %","1,09 %","804.789.885,53","92,49","0,95","1,03 %","0,72 %",0,"18,09",76.232,N/A,N/A,N/A
KIVO11,PAPEL,"92,24","218.305,64","0,96","1,09 %","17,42 %","1,20 %","1,45 %","0,28 %","113.655.096,17",N/A,N/A,N/A,N/A,0,"25,87",3.023,N/A,N/A,N/A
BTWR11,DESENVOLVIMENTO,"107,00","428,00","0,96","0,00 %","0,00 %","0,00 %","0,00 %","0,00 %","90.600.861,80","111,95","0,96","0,49 %","-0,05 %",1,"6,82",66,N/A,N/A,N/A
EXES11,TIJOLO,"88,00","2.992,00","0,96","0,00 %","0,00 %","0,00 %","0,00 %","0,00 %","43.941.490,17",N/A,N/A,N/A,N/A,0,"92,74",53,N/A,N/A,N/A
VGIP11,PAPEL,"87,62","1.953.910,18","0,95","0,89 %","11,61 %","0,83 %","0,97 %","-4,41 %","1.085.838.993,77","92,12","0,95","0,87 %","1,86 %",0,"13,80",89.666,N/A,N/A,N/A
MCHF11,PAPEL,"9,04","977.498,91","0,95","0,98 %","13,16 %","0,97 %","1,10 %","-1,39 %","306.946.638,79","9,49","0,95","0,95 %","-0,21 %",0,"18,12",86.337,N/A,N/A,N/A
RBRR11,PAPEL,"87,26","3.535.364,45","0,95","0,72 %","11,32 %","0,74 %","0,94 %","0,00 %","1.255.184.436,59","93,40","0,93","0,70 %","-0,71 %",0,"16,28",140.623,N/A,N/A,N/A
APTO11,TIJOLO,"9,88","42.644,06","0,95","1,01 %","13,35 %","1,01 %","1,11 %","0,30 %","41.636.073,96","10,38","0,95","0,96 %","4,22 %",4,"16,53",9.598,N/A,N/A,N/A
KNIP11,PAPEL,"92,80","10.380.152,79","0,95","0,64 %","9,85 %","0,58 %","0,82 %","1,28 %","7.815.483.499,63","97,60","0,95","0,61 %","3,98 %",0,"9,72",74.724,N/A,N/A,N/A
VRTA11,PAPEL,"87,91","2.498.044,03","0,95","0,78 %","11,82 %","0,76 %","0,99 %","-3,34 %","1.445.003.818,34","92,67","0,95","0,76 %","1,65 %",0,"12,17",123.969,N/A,N/A,N/A
MORC11,PAPEL,"92,86","477.852,15","0,95","1,34 %","14,26 %","1,18 %","1,19 %","-1,05 %","186.736.388,86","98,37","0,94","1,26 %","0,77 %",0,"10,18",6.886,N/A,N/A,N/A
CVBI11,PAPEL,"90,65","2.125.404,82","0,95","0,75 %","12,43 %","0,87 %","1,04 %","0,06 %","1.053.283.286,20","95,66","0,95","0,73 %","1,92 %",0,"13,92",83.075,N/A,N/A,N/A
SNFF11,TIJOLO,"88,00","301.788,39","0,95","0,73 %","9,74 %","0,71 %","0,81 %","-4,31 %","261.600.830,87","92,44","0,95","0,70 %","4,44 %",0,"15,84",30.802,N/A,N/A,N/A
VTLT11,TIJOLO,"96,24","198.626,06","0,95","0,90 %","10,99 %","0,89 %","0,92 %","-1,01 %","213.998.313,61","101,18","0,95","0,87 %","0,45 %",1,"21,44",6.077,N/A,N/A,N/A
PATC11,DESENVOLVIMENTO,"72,47","1.035.902,61","0,94","0,46 %","9,93 %","0,96 %","0,83 %","2,08 %","266.867.319,29","76,74","0,94","0,44 %","0,46 %",7,"20,31",7.127,N/A,N/A,N/A
VCJR11,PAPEL,"91,80","1.968.818,48","0,94","0,70 %","11,26 %","0,69 %","0,94 %","1,52 %","1.421.997.534,14","96,58","0,95","0,67 %","2,47 %",0,"12,52",23.844,N/A,N/A,N/A
RVBI11,TIJOLO,"81,60","248.985,36","0,94","0,90 %","11,66 %","0,88 %","0,97 %","-0,72 %","124.958.367,25","86,78","0,94","0,86 %","3,28 %",0,"16,08",12.32,N/A,N/A,N/A
BLCA11,TIJOLO,"125,00","41.449,47","0,94","0,00 %","2,73 %","0,15 %","0,23 %","0,00 %","216.924.880,50","135,58","0,92","0,42 %","-5,60 %",1,"67,91",219,N/A,N/A,N/A
PLCA11,TIJOLO,"89,14","70.740,97","0,94","1,23 %","14,49 %","1,24 %","1,21 %","-1,18 %","52.832.304,65","94,85","0,94","1,16 %","0,00 %",0,"33,51",1.875,N/A,N/A,N/A
MFII11,DESENVOLVIMENTO,"93,14","468.410,88","0,94","1,14 %","13,92 %","1,13 %","1,16 %","-1,04 %","438.163.267,98","98,98","0,94","1,09 %","-6,38 %",8,"11,80",29.954,N/A,N/A,N/A
BBPO11,TIJOLO,"96,75","1.815.419,70","0,94","0,93 %","11,93 %","0,92 %","0,99 %","-0,98 %","1.576.342.335,04","99,02","0,98","0,91 %","-1,48 %",63,"10,28",74.877,N/A,N/A,N/A
TVRI11,TIJOLO,"92,99","1.821.627,30","0,94","0,93 %","11,93 %","0,92 %","0,99 %","-0,98 %","1.576.342.335,04",N/A,N/A,N/A,N/A,63,"12,33",74.877,N/A,N/A,N/A
FATN11,TIJOLO,"92,87","398.696,85","0,94","0,92 %","10,71 %","0,89 %","0,89 %","-2,13 %","248.584.223,08","99,59","0,93","0,85 %","0,59 %",31,"10,59",2.979,N/A,N/A,N/A
GCRI11,PAPEL,"88,00","196.800,82","0,94","1,06 %","13,88 %","1,08 %","1,16 %","0,01 %","135.708.890,74","93,34","0,94","1,02 %","-1,09 %",0,"9,87",5.085,N/A,N/A,N/A
VXXV11,DESENVOLVIMENTO,"1.030,00","4.697.315,00","0,94","0,00 %","0,00 %","0,00 %","0,00 %","0,00 %","294.458.435,70",N/A,N/A,N/A,N/A,2,"9,03",20,N/A,N/A,N/A
GAME11,TIJOLO,"9,15","145.099,24","0,93","1,08 %","13,36 %","1,07 %","1,11 %","-0,86 %","212.432.782,63","9,79","0,93","1,02 %","-0,51 %",0,"9,35",23.885,N/A,N/A,N/A
NSLU11,TIJOLO,"187,31","120.209,42","0,93","0,83 %","10,57 %","0,82 %","0,88 %","-5,13 %","258.259.419,11","199,69","0,94","0,78 %","0,39 %",1,"18,38",6.342,N/A,N/A,N/A
BRLA11,TIJOLO,"146,57","123.954,75","0,93","0,00 %","3,80 %","0,29 %","0,32 %","0,00 %","541.290.895,96","157,16","0,93","0,91 %","-0,53 %",6,"90,77",275,N/A,N/A,N/A
JASC11,TIJOLO,"100,00","5.382.933,33","0,93","0,00 %","0,00 %","0,00 %","0,00 %","0,00 %","291.284.111,84",N/A,N/A,N/A,N/A,12,"7,22",73,N/A,N/A,N/A
XPSF11,TIJOLO,"8,18","542.135,55","0,93","0,90 %","11,99 %","0,88 %","1,00 %","-4,59 %","379.791.953,99","8,77","0,93","0,86 %","5,03 %",0,"16,53",52.474,N/A,N/A,N/A
BBGO11,TIJOLO,"91,09","439.689,52","0,93","0,81 %","14,74 %","0,96 %","1,23 %","-0,96 %","390.247.128,86","97,44","0,93","0,77 %","-0,51 %",0,"12,49",11.32,N/A,N/A,N/A
TMPS11,TIJOLO,"98,00","56.070,58","0,93","0,79 %","3,41 %","0,72 %","1,14 %","-4,04 %","103.596.741,04",N/A,N/A,N/A,N/A,0,"21,62",1.844,N/A,N/A,N/A
VVCO11,TIJOLO,"12,68","233.638,15","0,93","62,87 %","62,87 %","62,87 %","62,87 %","0,00 %","133.819.603,87",N/A,N/A,N/A,N/A,1,"37,38",3.719,N/A,N/A,N/A
BMLC11,TIJOLO,"103,00","35.796,19","0,93","0,74 %","11,77 %","0,73 %","0,98 %","-2,03 %","110.573.965,21","110,75","0,93","0,69 %","-2,40 %",2,"23,28",1.469,N/A,N/A,N/A
HPDP11,SHOPPING,"83,00","12.621,03","0,93","0,63 %","7,58 %","0,64 %","0,63 %","3,34 %","263.389.841,88","89,27","0,93","0,59 %","0,01 %",1,"48,19",427,N/A,N/A,N/A
VCRA11,TIJOLO,"96,48","717.691,27","0,93","1,14 %","15,32 %","1,22 %","1,28 %","0,49 %","473.513.830,32","103,07","0,94","1,07 %","0,67 %",0,"14,17",6.322,N/A,N/A,N/A
HSAF11,PAPEL,"84,49","396.061,91","0,93","0,82 %","12,92 %","0,86 %","1,08 %","-0,82 %","232.926.347,97","92,20","0,92","0,76 %","0,94 %",0,"14,08",10.064,N/A,N/A,N/A
VILG11,TIJOLO,"102,37","2.331.224,09","0,93","0,65 %","8,16 %","0,65 %","0,68 %","2,31 %","1.674.992.386,14","111,69","0,92","0,63 %","-0,52 %",14,"19,29",164.658,N/A,N/A,N/A
HCRI11,TIJOLO,"288,00","34.443,91","0,93","0,93 %","13,02 %","0,90 %","1,09 %","-3,38 %","61.650.320,00","308,25","0,93","0,86 %","0,09 %",1,"22,55",3.199,N/A,N/A,N/A
ZAVI11,TIJOLO,"126,79","647.383,03","0,93","0,91 %","9,71 %","0,90 %","0,88 %","1,33 %","158.887.138,22",N/A,N/A,N/A,N/A,9,"27,63",4.2,N/A,N/A,N/A
PORD11,PAPEL,"90,11","494.765,64","0,93","1,10 %","13,48 %","1,11 %","1,12 %","0,11 %","363.727.127,29","97,56","0,92","1,03 %","-0,55 %",0,"12,04",26.605,N/A,N/A,N/A
MATV11,TIJOLO,"86,63","13.027,43","0,92","0,73 %","12,28 %","1,04 %","1,02 %","-1,41 %","39.926.993,67","91,36","0,95","0,66 %","-1,59 %",0,"32,39",325,N/A,N/A,N/A
BTCR11,PAPEL,"88,00","652.774,65","0,92","0,98 %","13,52 %","0,97 %","1,13 %","-5,96 %","458.252.683,73","95,27","0,92","0,94 %","0,64 %",0,"17,97",16.934,N/A,N/A,N/A
BRIM11,DESENVOLVIMENTO,"1.030,22","1.020,40","0,92","0,00 %","1,41 %","0,00 %","0,12 %","0,00 %","138.626.509,33",N/A,N/A,N/A,N/A,1,"9,53",222,N/A,N/A,N/A
HABT11,PAPEL,"89,73","1.314.745,91","0,92","1,07 %","14,86 %","1,11 %","1,24 %","-4,35 %","793.941.909,12","97,69","0,92","1,02 %","-2,09 %",0,"14,85",72.969,N/A,N/A,N/A
KCRE11,TIJOLO,"93,97","509.635,76","0,92","0,60 %","11,33 %","0,78 %","0,94 %","-3,05 %","365.940.709,24","101,65","0,92","0,56 %","3,81 %",0,"12,32",9.851,N/A,N/A,N/A
CCRF11,PAPEL,"90,25","952.715,17","0,92","0,00 %","8,75 %","1,01 %","0,73 %","0,00 %","153.841.583,01","98,92","0,91","0,47 %","3,07 %",0,"62,22",330,N/A,N/A,N/A
HREC11,PAPEL,"84,01","169.017,67","0,92","0,99 %","13,10 %","1,00 %","1,09 %","1,46 %","473.244.536,07","91,77","0,92","0,93 %","3,25 %",0,"17,07",1.619,N/A,N/A,N/A
BICR11,PAPEL,"65,79","1.977,26","0,92",N/A,N/A,N/A,N/A,N/A,"32.878.908,14","65,76","1,00","54,74 %","-33,80 %",0,"90,79",526,N/A,N/A,N/A
IRIM11,TIJOLO,"84,83","66.423,88","0,92","0,90 %","11,99 %","0,92 %","1,00 %","-6,17 %","177.284.515,50","92,34","0,92","0,84 %","-5,12 %",0,"15,08",2.814,N/A,N/A,N/A
QAMI11,PAPEL,"84,50","112.541,27","0,92","1,17 %","13,22 %","1,01 %","1,10 %","6,69 %","74.367.555,48","92,80","0,91","1,08 %","1,42 %",0,"17,88",1.44,N/A,N/A,N/A
HGPO11,TIJOLO,"274,17","776.293,39","0,92","0,54 %","7,27 %","0,55 %","0,61 %","-1,27 %","524.413.598,45","299,14","0,92","0,50 %","-0,08 %",2,"12,96",17.207,N/A,N/A,N/A
CPTS11,PAPEL,"8,00","11.647.883,45","0,91","0,63 %","1,62 %","0,27 %","0,14 %","-90,39 %","2.822.630.555,05","8,88","0,90","0,61 %","-90,00 %",0,"91,40",243.898,N/A,N/A,N/A
DPRO11,TIJOLO,"89,20","1.568,60","0,91","0,70 %","7,59 %","0,51 %","0,63 %","0,00 %","48.830.402,42",N/A,N/A,N/A,N/A,1,"45,72",149,N/A,N/A,N/A
HGFF11,TIJOLO,"86,16","972.824,64","0,91","0,79 %","10,07 %","0,76 %","0,84 %","-2,76 %","269.718.830,26","94,19","0,91","0,74 %","8,46 %",0,"18,05",15.463,N/A,N/A,N/A
VVCR11,PAPEL,"20,00","77.831,39","0,91","0,09 %","31,00 %","0,56 %","2,58 %","-13,20 %","34.793.057,33",N/A,N/A,N/A,N/A,0,"57,54",3.418,N/A,N/A,N/A
KISU11,TIJOLO,"8,28","728.200,27","0,91","0,86 %","10,84 %","0,82 %","0,90 %","0,00 %","403.669.722,47","9,13","0,91","0,82 %","4,70 %",0,"14,27",123.999,N/A,N/A,N/A
IDFI11,TIJOLO,"25,97","53.561,33","0,91",N/A,N/A,N/A,N/A,N/A,"58.743.997,71","28,55","0,91","0,42 %","-48,98 %",2,"53,85",374,N/A,N/A,N/A
RECX11,TIJOLO,"68,30","15.517,91","0,91","0,52 %","10,68 %","0,66 %","0,89 %","0,22 %","16.418.118,00","75,20","0,91","0,47 %","-3,76 %",0,"29,62",676,N/A,N/A,N/A
RRCI11,PAPEL,"83,29","38.060,09","0,91","1,14 %","13,84 %","1,13 %","1,15 %","0,08 %","44.311.459,21","91,98","0,91","1,03 %","-2,23 %",0,"12,88",2.192,N/A,N/A,N/A
RFOF11,TIJOLO,"74,84","125.758,39","0,90","0,94 %","11,72 %","0,93 %","0,98 %","-2,28 %","88.790.907,89","82,35","0,91","0,91 %","3,01 %",0,"18,77",4.889,N/A,N/A,N/A
IRDM11,PAPEL,"78,41","5.167.097,67","0,90","1,00 %","11,58 %","0,94 %","0,97 %","-3,63 %","3.168.010.674,73","86,95","0,90","0,92 %","-6,30 %",0,"14,83",293.91,N/A,N/A,N/A
HFOF11,TIJOLO,"74,55","1.979.499,91","0,90","0,79 %","10,38 %","0,78 %","0,87 %","-3,05 %","1.908.406.485,31","82,88","0,90","0,76 %","2,47 %",0,"15,56",76.563,N/A,N/A,N/A
BCFF11,TIJOLO,"69,50","3.079.960,03","0,90","0,78 %","9,79 %","0,76 %","0,82 %","-3,94 %","1.962.153.724,82","77,91","0,89","0,72 %","5,43 %",1,"16,49",303.264,N/A,N/A,N/A
BCIA11,TIJOLO,"99,60","767.493,70","0,90","0,82 %","10,44 %","0,80 %","0,87 %","-0,12 %","410.096.652,00","110,27","0,90","0,77 %","9,98 %",0,"14,52",19.527,N/A,N/A,N/A
CPFF11,TIJOLO,"74,40","387.659,82","0,90","0,92 %","9,64 %","0,91 %","0,80 %","-2,20 %","211.086.322,93","82,68","0,90","0,85 %","6,99 %",0,"18,44",10.036,N/A,N/A,N/A
OUFF11,TIJOLO,"68,50","201.322,03","0,90","1,03 %","12,75 %","0,99 %","1,06 %","-5,29 %","138.712.754,08","76,45","0,90","0,94 %","0,72 %",3,"12,58",7.773,N/A,N/A,N/A
NCHB11,PAPEL,"80,30","381.074,24","0,90","0,90 %","14,12 %","0,99 %","1,18 %","-3,33 %","152.367.737,84","89,74","0,89","0,81 %","0,16 %",0,"13,17",11.494,N/A,N/A,N/A
RECR11,PAPEL,"84,35","6.384.682,64","0,90","0,86 %","12,15 %","0,78 %","1,01 %","-2,99 %","2.518.524.520,78","95,25","0,89","0,79 %","-0,08 %",1,"15,40",184.392,N/A,N/A,N/A
URPR11,PAPEL,"89,80","2.744.580,06","0,90","1,25 %","15,09 %","1,19 %","1,26 %","-3,99 %","1.173.462.007,78","100,51","0,89","1,16 %","1,72 %",0,"13,48",92.429,N/A,N/A,N/A
GCFF11,TIJOLO,"69,30","87.694,83","0,89","0,00 %","11,25 %","0,75 %","0,94 %","0,00 %","27.939.468,78","76,43","0,91","0,98 %","-6,08 %",0,"10,37",1.759,N/A,N/A,N/A
CRFF11,TIJOLO,"81,05","43.634,75","0,89","0,76 %","10,35 %","0,77 %","0,86 %","-0,48 %","62.630.988,04","90,76","0,89","0,69 %","8,05 %",0,"28,38",1.52,N/A,N/A,N/A
BREV11,TIJOLO,"105,00","271.522,64","0,89","0,55 %","10,82 %","0,56 %","0,90 %","0,32 %","113.864.559,59","117,73","0,89","0,49 %","-3,02 %",13,"81,46",320,N/A,N/A,N/A
SADI11,PAPEL,"85,45","504.914,85","0,89","1,16 %","13,96 %","1,14 %","1,16 %","-2,27 %","148.362.035,32","95,80","0,89","1,04 %","-3,27 %",0,"10,17",10.242,N/A,N/A,N/A
ROOF11,DESENVOLVIMENTO,"520,00","818,00","0,89","0,00 %","0,00 %","0,00 %","0,00 %","0,00 %","45.237.723,37",N/A,N/A,N/A,N/A,76,"92,22",83,N/A,N/A,N/A
RBRF11,TIJOLO,"77,68","3.083.900,97","0,89","0,71 %","10,16 %","0,70 %","0,85 %","-7,59 %","1.204.015.473,17","88,01","0,88","0,62 %","7,53 %",0,"19,95",108.936,N/A,N/A,N/A
GCRA11,TIJOLO,"87,26","326.187,67","0,89","1,23 %","15,05 %","1,21 %","1,25 %","-2,03 %","171.323.564,82","97,85","0,89","1,12 %","-0,15 %",0,"11,28",7.263,N/A,N/A,N/A
SHPH11,SHOPPING,"793,25","89.282,31","0,89","0,47 %","6,59 %","0,49 %","0,55 %","0,89 %","542.782.613,97","891,34","0,89","0,42 %","-0,32 %",1,"32,20",2.503,N/A,N/A,N/A
LSPA11,PAPEL,"101,30","49.535,00","0,89","0,00 %","0,00 %","0,00 %","0,00 %","0,00 %","46.253.985,81",N/A,N/A,N/A,N/A,0,"36,35",224,N/A,N/A,N/A
VLOL11,TIJOLO,"98,00","160.238,13","0,88",N/A,N/A,N/A,N/A,N/A,"198.219.080,15","111,06","0,88","0,55 %","-0,14 %",1,"22,12",3.127,N/A,N/A,N/A
NAVT11,PAPEL,"85,10","472.571,70","0,88","1,18 %","13,48 %","1,13 %","1,12 %","-4,27 %","99.070.015,85","93,95","0,91","1,06 %","4,88 %",0,"22,72",1.793,N/A,N/A,N/A
ITIT11,TIJOLO,"75,79","154.851,42","0,88","0,72 %","9,18 %","0,76 %","0,77 %","-1,39 %","78.498.492,14","87,17","0,87","0,65 %","10,40 %",0,"11,89",9.45,N/A,N/A,N/A
MGFF11,TIJOLO,"63,60","1.230.634,03","0,88","0,78 %","10,29 %","0,79 %","0,86 %","-2,11 %","658.245.304,85","72,73","0,87","0,72 %","1,44 %",0,"15,40",46.145,N/A,N/A,N/A
BLMR11,TIJOLO,"6,79","395.431,18","0,88","0,76 %","11,07 %","0,80 %","0,92 %","-4,14 %","198.787.908,31","7,78","0,87","0,68 %","0,52 %",0,"18,12",18.992,N/A,N/A,N/A
RCFF11,TIJOLO,"83,01","415,00","0,88","1,32 %","4,19 %","0,44 %","0,84 %","0,00 %","30.609.693,78","91,47","0,91","1,35 %","-2,74 %",0,"70,60",83,N/A,N/A,N/A
BBFO11,TIJOLO,"73,00","422.962,55","0,88","0,82 %","11,62 %","0,86 %","0,97 %","-0,67 %","333.349.827,54","83,26","0,88","0,73 %","1,87 %",0,"14,01",5.804,N/A,N/A,N/A
CXCI11,TIJOLO,"85,01","122.086,58","0,88","0,97 %","12,37 %","0,95 %","1,03 %","-2,34 %","199.691.048,19","97,04","0,88","0,88 %","4,22 %",0,"17,42",5.324,N/A,N/A,N/A
BPFF11,TIJOLO,"68,53","351.598,91","0,88","0,87 %","11,22 %","0,85 %","0,94 %","-3,15 %","350.724.702,99","78,07","0,88","0,79 %","6,23 %",0,"13,66",18.236,N/A,N/A,N/A
RZAT11,TIJOLO,"86,90","710.977,88","0,88","0,88 %","12,31 %","0,84 %","1,03 %","0,38 %","370.703.430,40",N/A,N/A,N/A,N/A,10,"18,73",37.092,N/A,N/A,N/A
ERPA11,TIJOLO,"120,00","86.785,69","0,87","0,00 %","1,24 %","0,00 %","0,10 %","0,00 %","68.710.610,17","137,17","0,87","0,52 %","0,07 %",2,"37,44",362,N/A,N/A,N/A
YUFI11,DESENVOLVIMENTO,"88,90","88,50","0,87","0,00 %","1,09 %","0,00 %","0,09 %","0,00 %","50.063.668,92",N/A,N/A,N/A,N/A,28,"194,73",56,N/A,N/A,N/A
VOTS11,PAPEL,"81,99","4.054,15","0,87","0,93 %","14,05 %","0,87 %","1,17 %","-1,99 %","77.332.942,46","93,41","0,88","0,82 %","0,13 %",0,"24,32",667,N/A,N/A,N/A
QIRI11,PAPEL,"78,04","6.867,57","0,87","0,00 %","8,24 %","0,61 %","0,69 %","0,00 %","13.441.852,95","89,61","0,87","100,03 %","-0,41 %",0,"9,65",173,N/A,N/A,N/A
CXRI11,TIJOLO,"80,97","50.682,97","0,87","0,71 %","9,74 %","0,70 %","0,81 %","-3,86 %","144.843.948,62","91,92","0,88","0,63 %","11,22 %",0,"22,68",2.297,N/A,N/A,N/A
HUCG11,TIJOLO,"87,00","9.385,26","0,87","0,21 %","4,83 %","0,14 %","0,40 %","3,78 %","116.343.166,48",N/A,N/A,N/A,N/A,2,"83,72",244,N/A,N/A,N/A
ONEF11,TIJOLO,"198,31","68.037,06","0,87","0,51 %","6,48 %","0,51 %","0,54 %","0,50 %","209.516.904,92","229,99","0,86","0,44 %","14,17 %",1,"17,33",2.683,N/A,N/A,N/A
ARCT11,TIJOLO,"87,13","1.053.903,45","0,87","0,00 %","12,55 %","0,43 %","1,05 %","0,00 %","371.534.654,03","99,77","0,87","0,76 %","0,04 %",9,"15,63",43.228,N/A,N/A,N/A
VCRI11,PAPEL,"8,36","347.807,36","0,87","0,90 %","14,92 %","1,01 %","1,24 %","-3,47 %","170.210.440,14","9,58","0,87","0,78 %","1,38 %",0,"12,19",12.251,N/A,N/A,N/A
SNLG11,TIJOLO,"28,50","38.626,24","0,87","0,99 %","11,52 %","0,89 %","0,96 %","-12,69 %","65.477.185,63",N/A,N/A,N/A,N/A,2,"28,15",3.73,N/A,N/A,N/A
HSLG11,TIJOLO,"90,15","916.800,73","0,87","0,77 %","9,78 %","0,77 %","0,82 %","2,44 %","1.316.708.958,32","104,00","0,87","0,71 %","-0,90 %",5,"18,26",34.922,N/A,N/A,N/A
FIIP11B,TIJOLO,"176,00","73.804,36","0,87","0,84 %","10,58 %","0,82 %","0,88 %","-4,05 %","188.556.490,23","203,37","0,87","0,71 %","9,24 %",7,"21,69",7.662,N/A,N/A,N/A
BTSI11,MISTO,"104,00","75.921,67","0,87","0,00 %","0,00 %","0,00 %","0,00 %","0,00 %","280.020.795,19",N/A,N/A,N/A,N/A,2,"357,72",114,N/A,N/A,N/A
RBFF11,TIJOLO,"60,06","473.021,73","0,86","0,83 %","11,04 %","0,82 %","0,92 %","0,00 %","259.537.910,99","69,22","0,87","0,74 %","8,44 %",0,"19,54",19.391,N/A,N/A,N/A
LGCP11,TIJOLO,"85,14","569.270,73","0,86","0,74 %","9,16 %","0,74 %","0,76 %","-0,29 %","345.946.675,25","98,01","0,87","0,65 %","-4,65 %",5,"16,32",16.579,N/A,N/A,N/A
VIFI11,TIJOLO,"8,07","182.594,94","0,86","0,84 %","10,61 %","0,83 %","0,88 %","-2,10 %","75.720.473,79","9,36","0,86","0,75 %","5,76 %",0,"17,09",6.512,N/A,N/A,N/A
VIUR11,MISTO,"7,85","349.605,67","0,86","0,89 %","11,42 %","0,87 %","0,95 %","-3,58 %","244.044.196,76","9,06","0,87","0,79 %","-1,52 %",8,"18,23",44.133,N/A,N/A,N/A
GESE11B,TIJOLO,"1.520,00",N/A,"0,86","0,00 %","0,00 %","0,00 %","0,00 %","0,00 %","91.601.685,43","1.761,57","0,86","0,81 %","-0,60 %",1,N/A,55,N/A,N/A,N/A
BPRP11,TIJOLO,"94,06","2.506,33","0,86","0,00 %","3,54 %","0,00 %","0,30 %","0,00 %","147.326.008,30",N/A,N/A,N/A,N/A,1,"99,32",173,N/A,N/A,N/A
MFAI11,TIJOLO,"60,00","27.039,00","0,86","0,81 %","10,11 %","0,80 %","0,84 %","-7,55 %","27.561.507,82","70,82","0,85","0,71 %","3,90 %",0,"21,63",2.985,N/A,N/A,N/A
SPMO11,TIJOLO,"119,90","239,00","0,86","0,00 %","0,00 %","0,00 %","0,00 %","0,00 %","252.380.121,17",N/A,N/A,N/A,N/A,0,"134,14",10,N/A,N/A,N/A
RBIR11,DESENVOLVIMENTO,"85,65","88.726,81","0,86","2,15 %","6,09 %","1,07 %","0,76 %","8,91 %","154.325.903,96",N/A,N/A,N/A,N/A,0,"28,71",1.481,N/A,N/A,N/A
DVFF11,TIJOLO,"83,47","53.889,06","0,86","0,98 %","12,15 %","0,95 %","1,01 %","-4,96 %","104.226.888,54","94,67","0,88","0,85 %","3,92 %",0,"24,08",734,N/A,N/A,N/A
BRIP11,DESENVOLVIMENTO,"1.000,00","3.593,00","0,86","0,00 %","9,60 %","0,00 %","3,20 %","0,00 %","251.719.986,71",N/A,N/A,N/A,N/A,10,"115,63",254,N/A,N/A,N/A
NCRI11,PAPEL,"9,20","2.203,24","0,86","0,74 %","7,82 %","0,76 %","0,87 %","5,23 %","40.323.347,06",N/A,N/A,N/A,N/A,0,"31,98",589,N/A,N/A,N/A
FLMA11,TIJOLO,"136,29","67.551,94","0,85","0,77 %","8,42 %","0,68 %","0,70 %","-4,27 %","221.033.638,08","160,09","0,85","0,66 %","-0,10 %",2,"19,92",15.318,N/A,N/A,N/A
BIME11,TIJOLO,"7,34","61.517,76","0,85","1,07 %","12,21 %","1,05 %","1,02 %","-1,59 %","50.684.366,15","8,67","0,85","0,92 %","-3,99 %",2,"16,83",8.779,N/A,N/A,N/A
BARI11,PAPEL,"80,87","920.731,36","0,85","0,53 %","11,80 %","0,74 %","0,98 %","-4,12 %","444.055.347,43","95,82","0,84","0,47 %","0,48 %",0,"15,82",37.44,N/A,N/A,N/A
WSEC11,TIJOLO,"86,49","6.052,83","0,85","1,16 %","13,40 %","1,05 %","1,12 %","-0,74 %","24.818.395,25",N/A,N/A,N/A,N/A,0,"13,27",451,N/A,N/A,N/A
GTWR11,TIJOLO,"79,93","1.190.654,88","0,85","0,94 %","11,74 %","0,93 %","0,98 %","-3,45 %","1.141.234.332,72","95,10","0,84","0,83 %","0,42 %",3,"17,76",31.332,N/A,N/A,N/A
MORE11,TIJOLO,"73,40","428.710,94","0,85","0,88 %","10,67 %","0,82 %","0,89 %","-3,47 %","202.646.740,49","87,38","0,84","0,74 %","5,49 %",0,"17,28",17.261,N/A,N/A,N/A
RBRL11,TIJOLO,"88,36","1.714.485,18","0,84","0,81 %","9,36 %","0,76 %","0,78 %","-1,20 %","704.374.348,80","105,33","0,84","0,68 %","-1,80 %",6,"18,31",12.953,N/A,N/A,N/A
QAGR11,TIJOLO,"48,10","457.227,15","0,84","0,86 %","11,23 %","0,92 %","0,94 %","-2,91 %","290.860.686,00","57,71","0,83","0,75 %","3,35 %",12,"11,06",22.649,N/A,N/A,N/A
IBCR11,PAPEL,"79,64","156.670,39","0,83","1,24 %","13,60 %","1,26 %","1,13 %","4,91 %","91.406.400,78","95,37","0,84","1,05 %","1,54 %",0,"16,01",4.094,N/A,N/A,N/A
XPIN11,TIJOLO,"84,98","565.185,39","0,83","0,75 %","10,12 %","0,77 %","0,84 %","5,40 %","745.460.802,42","104,25","0,82","0,62 %","0,35 %",98,"15,89",45.993,N/A,N/A,N/A
HGRE11,TIJOLO,"127,82","2.202.544,42","0,83","0,57 %","8,04 %","0,56 %","0,67 %","-0,75 %","1.831.605.927,40","154,99","0,82","0,50 %","-1,21 %",17,"23,17",146.764,N/A,N/A,N/A
BTAL11,TIJOLO,"85,71","839.721,79","0,83","0,79 %","10,30 %","0,78 %","0,86 %","-2,09 %","621.350.045,86","104,49","0,82","0,68 %","-0,54 %",9,"19,04",46.072,N/A,N/A,N/A
OURE11,MISTO,"75,64","121.289,91","0,82","1,03 %","14,38 %","0,98 %","1,20 %","-5,67 %","99.364.013,32","92,25","0,82","0,87 %","1,34 %",4,"17,44",6.348,N/A,N/A,N/A
BLMC11,PAPEL,"80,00","134.809,88","0,82","0,84 %","12,13 %","0,86 %","1,01 %","-1,11 %","39.000.854,48","97,62","0,82","0,70 %","1,57 %",0,"33,66",442,N/A,N/A,N/A
BLCP11,TIJOLO,"91,00","103.127,50","0,81","0,63 %","4,92 %","0,41 %","0,41 %","0,00 %","256.580.339,90","111,74","0,81","0,50 %","-0,02 %",2,"8,11",279,N/A,N/A,N/A
HCHG11,PAPEL,"78,60","43.276,58","0,81","0,68 %","13,31 %","0,86 %","1,11 %","-3,08 %","116.496.493,56","97,08","0,81","0,57 %","-4,00 %",0,"29,26",1.02,N/A,N/A,N/A
HBRH11,TIJOLO,"89,45","539.825,06","0,81","0,56 %","7,68 %","0,56 %","0,64 %","-0,73 %","310.370.994,79","111,96","0,80","0,46 %","-1,10 %",5,"12,92",1.006,N/A,N/A,N/A
FIGS11,SHOPPING,"61,18","177.603,12","0,80","0,70 %","9,65 %","0,70 %","0,80 %","2,41 %","217.132.688,32","76,19","0,80","0,59 %","-0,38 %",2,"18,37",14.897,N/A,N/A,N/A
NEWL11,TIJOLO,"107,12","543.707,24","0,79","0,88 %","11,62 %","0,85 %","0,97 %","-2,97 %","279.462.173,83","137,46","0,78","0,69 %","14,46 %",3,"12,12",3.665,N/A,N/A,N/A
HLOG11,TIJOLO,"90,50","97.203,88","0,78","0,71 %","8,69 %","0,69 %","0,72 %","-2,14 %","490.252.975,33","115,35","0,78","0,56 %","-0,96 %",5,"17,03",4.323,N/A,N/A,N/A
NVHO11,TIJOLO,"10,65","2.502,15","0,78","0,69 %","9,29 %","0,76 %","0,77 %","9,19 %","581.280.033,26","14,01","0,76","0,59 %","0,43 %",4,"46,40",2.228,N/A,N/A,N/A
RNDP11,PAPEL,"138,99","9.626,79","0,78","0,71 %","34,67 %","1,08 %","2,89 %","13,70 %","18.732.999,36","174,29","0,80","0,63 %","-9,86 %",0,"74,69",1.173,N/A,N/A,N/A
VSHO11,SHOPPING,"77,61","163.784,18","0,77","0,98 %","11,37 %","0,94 %","0,95 %","-2,69 %","212.214.936,60","101,11","0,77","0,73 %","1,75 %",3,"20,95",3.617,N/A,N/A,N/A
CXCO11,TIJOLO,"76,45","173.256,73","0,77","0,90 %","12,44 %","0,88 %","1,04 %","-3,63 %","389.317.167,93","99,20","0,77","0,74 %","-0,10 %",10,"16,54",14.057,N/A,N/A,N/A
HUSC11,TIJOLO,"114,00","5.519,20","0,77","0,83 %","8,42 %","0,84 %","0,70 %","-2,19 %","119.224.638,81","145,41","0,78","0,63 %","-0,91 %",2,"48,98",783,N/A,N/A,N/A
VINO11,TIJOLO,"8,23","1.128.059,97","0,77","0,71 %","8,43 %","0,67 %","0,70 %","-7,93 %","894.056.653,95","10,79","0,76","0,56 %","-80,29 %",10,"22,74",139.363,N/A,N/A,N/A
RBRI11,DESENVOLVIMENTO,"915,00","48.495,00","0,77",N/A,N/A,N/A,N/A,N/A,"163.034.026,44",N/A,N/A,N/A,N/A,0,"72,08",87,N/A,N/A,N/A
EURO11,TIJOLO,"248,99","35.480,85","0,76","0,76 %","9,49 %","0,76 %","0,79 %","0,40 %","124.897.455,90","325,31","0,77","0,58 %","0,18 %",7,"21,60",2.416,N/A,N/A,N/A
ZIFI11,DESENVOLVIMENTO,"900,00","13.250,00","0,75","0,00 %","0,00 %","0,00 %","0,00 %","0,00 %","57.155.266,66",N/A,N/A,N/A,N/A,0,"70,83",68,N/A,N/A,N/A
SPTW11,TIJOLO,"41,10","91.200,61","0,73","1,10 %","12,49 %","1,06 %","1,04 %","0,67 %","100.681.369,59","56,00","0,73","0,82 %","0,47 %",1,"14,01",27.257,N/A,N/A,N/A
ABCP11,SHOPPING,"67,80","66.384,18","0,73","0,89 %","8,98 %","0,76 %","0,75 %","-5,59 %","432.465.202,77","91,84","0,74","0,65 %","0,02 %",1,"18,47",17.587,N/A,N/A,N/A
JFLL11,TIJOLO,"73,37","55.427,24","0,73","0,83 %","11,17 %","0,83 %","0,93 %","-0,52 %","151.520.366,08","100,97","0,73","0,61 %","-0,01 %",2,"23,13",3.78,N/A,N/A,N/A
RCRB11,TIJOLO,"151,73","887.742,61","0,73","0,51 %","6,96 %","0,51 %","0,58 %","1,66 %","771.287.963,46","208,98","0,73","0,37 %","0,79 %",9,"25,95",31.711,N/A,N/A,N/A
FAED11,TIJOLO,"155,20","73.761,76","0,71","0,95 %","12,21 %","0,90 %","1,02 %","-4,15 %","139.755.249,59","217,63","0,71","0,69 %","0,00 %",3,"18,74",4.666,N/A,N/A,N/A
BCRI11,PAPEL,"68,06","563.793,30","0,71","0,99 %","12,00 %","1,01 %","1,00 %","-0,04 %","603.610.450,12","96,46","0,71","0,73 %","-4,41 %",0,"18,77",47.803,N/A,N/A,N/A
HOSI11,TIJOLO,"65,50","9.337,00","0,71","0,67 %","12,61 %","0,67 %","1,05 %","-3,43 %","53.123.506,09","92,64","0,71","0,49 %","0,63 %",0,"42,14",1.654,N/A,N/A,N/A
REIT11,PAPEL,"199,00","983,63","0,70",N/A,N/A,N/A,N/A,N/A,"7.454.470,64",N/A,N/A,N/A,N/A,0,"180,50",70,N/A,N/A,N/A
PATL11,TIJOLO,"69,05","511.860,39","0,70","0,82 %","10,09 %","0,82 %","0,84 %","0,00 %","492.561.001,69","98,68","0,70","0,61 %","0,57 %",5,"24,61",24.526,N/A,N/A,N/A
ATSA11,SHOPPING,"56,97","1.154,55","0,70","0,00 %","0,99 %","0,04 %","0,08 %","0,00 %","143.070.434,37","81,57","0,70","0,06 %","0,16 %",1,"29,77",284,N/A,N/A,N/A
LUGG11,DESENVOLVIMENTO,"83,98","52.480,00","0,70","0,67 %","8,90 %","0,69 %","0,74 %","0,00 %","139.522.161,21","123,39","0,68","0,49 %","-3,44 %",5,"16,66",5.672,N/A,N/A,N/A
CXTL11,TIJOLO,"285,21","6.562,38","0,69","0,54 %","22,88 %","0,62 %","1,91 %","-0,31 %","22.219.835,07","414,57","0,69","0,39 %","-15,31 %",1,"62,73",737,N/A,N/A,N/A
WPLZ11,SHOPPING,"60,70","7.458,45","0,69","0,62 %","8,01 %","0,59 %","0,67 %","-1,72 %","89.545.070,39","87,73","0,69","0,47 %","-0,08 %",1,"39,44",1.869,N/A,N/A,N/A
CXAG11,TIJOLO,"80,00","107.901,24","0,69","0,86 %","11,48 %","0,84 %","0,96 %","-1,67 %","241.782.688,91","115,65","0,69","0,61 %","0,87 %",32,"12,69",12.01,N/A,N/A,N/A
JCCJ11,PAPEL,"118,50","561.361,61","0,69","0,12 %","0,38 %","0,38 %","0,38 %","7,34 %","286.956.718,59",N/A,N/A,N/A,N/A,0,"20,59",134,N/A,N/A,N/A
HAAA11,TIJOLO,"55,06","1.739,04","0,68","0,49 %","6,03 %","0,48 %","0,50 %","-1,21 %","279.170.990,69","80,80","0,68","0,36 %","-9,88 %",2,"22,70",339,N/A,N/A,N/A
XTED11,TIJOLO,"8,82","17.641,88","0,68",N/A,N/A,N/A,N/A,N/A,"67.378.204,04","28,02","0,31","0,00 %","-0,36 %",1,"29,46",4.098,N/A,N/A,N/A
HRDF11,DESENVOLVIMENTO,"4,13","1.377,76","0,66",N/A,N/A,N/A,N/A,N/A,"9.682.079,51",N/A,N/A,N/A,N/A,0,"384,99",1.126,N/A,N/A,N/A
BLMG11,TIJOLO,"57,31","453.503,64","0,66","1,16 %","13,07 %","1,11 %","1,09 %","-4,05 %","332.602.539,25","87,28","0,66","0,78 %","-9,03 %",1,"24,07",13.848,N/A,N/A,N/A
AIEC11,TIJOLO,"62,17","691.950,79","0,66","1,16 %","13,57 %","1,11 %","1,13 %","-3,64 %","457.867.865,93","94,90","0,66","0,80 %","1,49 %",2,"16,71",15.9,N/A,N/A,N/A
KNRE11,DESENVOLVIMENTO,"0,55","6.577,30","0,65","12,52 %","178,41 %","27,54 %","14,87 %","-44,00 %","15.576.886,87","0,76","0,72","9,22 %","-8,43 %",1,"68,31",6.762,N/A,N/A,N/A
SEQR11,MISTO,"59,49","205.322,91","0,65","1,19 %","13,31 %","1,11 %","1,11 %","-8,48 %","149.972.978,66","90,78","0,66","0,79 %","-3,18 %",4,"12,46",5.61,N/A,N/A,N/A
JSRE11,MISTO,"72,54","2.394.007,27","0,64","0,61 %","7,76 %","0,59 %","0,65 %","-1,82 %","2.337.117.873,12","112,54","0,64","0,41 %","-0,38 %",6,"17,32",104.211,N/A,N/A,N/A
RBRP11,TIJOLO,"53,29","1.036.109,67","0,64","0,47 %","6,16 %","0,44 %","0,51 %","-9,06 %","995.762.425,47","81,76","0,65","0,31 %","0,07 %",10,"28,60",89.713,N/A,N/A,N/A
TRNT11,TIJOLO,"125,57","3.777,61","0,64","0,00 %","2,90 %","0,11 %","0,24 %","0,00 %","774.161.315,97","196,71","0,64","0,21 %","-0,09 %",1,"50,46",690,N/A,N/A,N/A
BPML11,SHOPPING,"84,00","398.497,24","0,64","0,46 %","5,34 %","0,46 %","0,45 %","-5,91 %","567.305.242,67","124,12","0,68","0,22 %","-0,51 %",4,"26,68",1.404,N/A,N/A,N/A
ORPD11,DESENVOLVIMENTO,"93,00","402,75","0,64","0,00 %","0,00 %","0,00 %","0,00 %","0,00 %","42.394.974,05","124,68","0,75","1,11 %","0,95 %",0,"24,80",6,N/A,N/A,N/A
DRIT11B,TIJOLO,"84,99","1.713,81","0,63","0,41 %","5,99 %","0,49 %","0,50 %","-7,90 %","61.489.608,80","132,73","0,64","0,26 %","0,28 %",4,"55,69",356,N/A,N/A,N/A
PLOG11,TIJOLO,"66,71","70.165,04","0,63","0,99 %","12,13 %","1,02 %","1,01 %","2,01 %","79.648.071,76","100,39","0,66","0,75 %","-0,02 %",1,"16,63",3.284,N/A,N/A,N/A
PQDP11,SHOPPING,"1.950,00","117.591,12","0,63","0,99 %","10,82 %","0,90 %","0,90 %","2,25 %","765.331.518,81","3.117,27","0,63","0,64 %","-0,52 %",1,"29,80",4.067,N/A,N/A,N/A
FVPQ11,SHOPPING,"120,00","77.283,94","0,62","1,00 %","10,72 %","0,97 %","0,89 %","-5,38 %","537.658.259,98","192,01","0,62","0,63 %","-0,14 %",1,"21,88",3.962,N/A,N/A,N/A
PLRI11,PAPEL,"17,99","3.464,52","0,62",N/A,N/A,N/A,N/A,N/A,"27.654.092,56","28,98","0,62","0,57 %","-9,89 %",0,"72,77",711,N/A,N/A,N/A
CXCE11B,TIJOLO,"40,60","35.876,58","0,62","0,90 %","11,94 %","0,93 %","1,00 %","-3,79 %","111.832.067,39","65,29","0,62","0,58 %","-0,47 %",1,"18,02",3.766,N/A,N/A,N/A
BROF11,TIJOLO,"63,86","760.254,88","0,61","0,83 %","5,23 %","0,79 %","1,05 %","-4,15 %","1.234.526.819,93",N/A,N/A,N/A,N/A,2,"24,56",7.567,N/A,N/A,N/A
MGHT11,TIJOLO,"50,61","100.518,21","0,61","0,90 %","13,90 %","0,90 %","1,16 %","-14,19 %","111.718.900,81","85,04","0,60","0,59 %","-0,63 %",1,"23,71",4.456,N/A,N/A,N/A
GLOG11,TIJOLO,"63,00","85.929,64","0,61","0,93 %","11,63 %","0,91 %","0,97 %","-3,29 %","80.089.271,09",N/A,N/A,N/A,N/A,1,"14,89",3.098,N/A,N/A,N/A
MAXR11,TIJOLO,"74,30","129.758,82","0,60","0,97 %","11,24 %","0,97 %","0,94 %","2,09 %","138.515.582,76","123,05","0,60","0,59 %","-0,02 %",8,"22,79",4.482,N/A,N/A,N/A
NVIF11B,DESENVOLVIMENTO,"227,50",N/A,"0,60","0,00 %","0,00 %","0,00 %","0,00 %","0,00 %","127.779.629,68","378,72","0,60","0,23 %","21,21 %",2,N/A,7,N/A,N/A,N/A
CEOC11,TIJOLO,"44,55","58.197,52","0,59","0,91 %","12,54 %","0,92 %","1,05 %","-8,30 %","141.932.154,22","78,17","0,57","0,55 %","-0,80 %",1,"30,06",4.974,N/A,N/A,N/A
RBRS11,DESENVOLVIMENTO,"55,25","71.987,66","0,59","0,72 %","9,07 %","0,72 %","0,76 %","0,54 %","163.597.972,50","94,33","0,59","0,42 %","0,26 %",2,"41,51",1.237,N/A,N/A,N/A
VCRR11,TIJOLO,"73,03","182.532,24","0,58","0,91 %","10,89 %","0,89 %","0,91 %","-0,98 %","256.342.883,23","128,17","0,57","0,54 %","-0,05 %",0,"21,09",4.083,N/A,N/A,N/A
RBRD11,TIJOLO,"38,10","46.607,70","0,58","0,90 %","10,49 %","0,91 %","0,87 %","2,59 %","122.586.609,47","66,20","0,58","0,51 %","0,02 %",4,"26,91",9.059,N/A,N/A,N/A
OULG11,TIJOLO,"38,45","131.672,45","0,57","1,04 %","11,16 %","1,02 %","0,93 %","-2,09 %","168.451.278,89","67,89","0,57","0,62 %","1,46 %",2,"20,00",5.09,N/A,N/A,N/A
BRCR11,TIJOLO,"55,08","1.719.298,45","0,56","0,70 %","9,05 %","0,67 %","0,75 %","-6,68 %","2.651.969.775,50","99,56","0,55","0,41 %","-0,50 %",9,"18,94",154.343,N/A,N/A,N/A
ASMT11,TIJOLO,"46,81","9.628,42","0,56","1,11 %","11,50 %","1,06 %","0,96 %","-5,50 %","85.508.546,24",N/A,N/A,N/A,N/A,3,"41,10",536,N/A,N/A,N/A
GSFI11,SHOPPING,"7,79","1.667.064,79","0,55","0,03 %","0,03 %","0,01 %","0,00 %","0,00 %","1.076.308.694,19","11,90","0,65","0,01 %","0,01 %",9,"19,66",7.697,N/A,N/A,N/A
MGLG11,TIJOLO,"40,99","55.314,19","0,55","0,86 %","11,69 %","0,86 %","0,97 %","-3,60 %","116.088.485,68","61,55","0,67","0,57 %","57,54 %",2,"27,79",3.712,N/A,N/A,N/A
RMAI11,TIJOLO,"55,00","149.909,90","0,54","0,51 %","6,37 %","0,51 %","0,53 %","-1,94 %","242.516.611,86","99,24","0,55","0,26 %","-7,99 %",2,"60,63",1.185,N/A,N/A,N/A
FZDA11,TIJOLO,"121,00","109.270,97","0,54","1,90 %","1,90 %","1,90 %","1,90 %","0,00 %","345.004.615,19","101,94","1,19","2,21 %","0,00 %",0,"56,12",431,N/A,N/A,N/A
BLMO11,TIJOLO,"18.000,00","288.155,60","0,54","0,00 %","0,00 %","0,00 %","0,00 %","0,00 %","126.735.126,05","33.377,70","0,54","0,31 %","12,74 %",1,"55,38",89,N/A,N/A,N/A
FPAB11,TIJOLO,"203,00","6.986,34","0,53","0,45 %","12,30 %","1,31 %","1,03 %","-1,18 %","280.823.220,57","374,43","0,54","0,24 %","-0,16 %",2,"55,69",950,N/A,N/A,N/A
BTRA11,TIJOLO,"64,70","596.646,94","0,52","0,80 %","11,40 %","0,74 %","0,95 %","-6,39 %","421.960.309,33","125,65","0,51","0,45 %","-9,41 %",5,"22,74",21.552,N/A,N/A,N/A
SARE11,MISTO,"48,00","1.563.077,24","0,51","0,86 %","11,30 %","0,85 %","0,94 %","-5,73 %","872.363.282,83","94,47","0,51","0,48 %","0,11 %",3,"20,76",45.498,N/A,N/A,N/A
RNGO11,TIJOLO,"44,54","122.939,18","0,50","0,82 %","10,13 %","0,77 %","0,84 %","-6,99 %","232.395.692,21","86,84","0,51","0,41 %","0,23 %",4,"13,81",10.893,N/A,N/A,N/A
WTSP11B,MISTO,"36,00","1.728,25","0,50","0,00 %","6,28 %","0,36 %","0,52 %","0,00 %","72.080.155,30","72,62","0,50","0,41 %","0,19 %",2,"104,65",201,N/A,N/A,N/A
RBVO11,PAPEL,"8,33","2.088,91","0,47","0,35 %","2,10 %","0,27 %","0,18 %","0,71 %","9.174.979,09","17,79","0,47","0,17 %","2,65 %",0,"38,87",2.556,N/A,N/A,N/A
RECT11,TIJOLO,"43,35","488.529,73","0,47","0,88 %","10,90 %","0,82 %","0,91 %","-7,66 %","790.620.382,28","92,54","0,47","0,43 %","-1,22 %",9,"19,15",71.266,N/A,N/A,N/A
FMOF11,TIJOLO,"54,00","1.632,21","0,45","0,00 %","5,09 %","0,18 %","0,42 %","0,00 %","60.473.389,10","118,65","0,46","0,13 %","0,05 %",2,"62,28",276,N/A,N/A,N/A
BBFI11B,TIJOLO,"947,96","134.272,88","0,44","0,78 %","13,41 %","0,69 %","1,12 %","-2,30 %","279.221.388,09","2.147,86","0,44","0,35 %","-0,86 %",2,"49,96",7.845,N/A,N/A,N/A
DEVA11,PAPEL,"40,94","1.880.384,79","0,42","1,24 %","13,08 %","1,03 %","1,09 %","-20,75 %","1.364.460.097,00","97,15","0,42","0,50 %","-4,10 %",0,"38,98",131.028,N/A,N/A,N/A
SCPF11,SHOPPING,"4,95","2.281,21","0,42","0,38 %","5,52 %","0,42 %","0,46 %","0,00 %","49.080.846,89","11,69","0,42","0,16 %","-0,17 %",1,"39,73",5.118,N/A,N/A,N/A
RELG11,TIJOLO,"51,22","78.686,82","0,41","0,99 %","12,21 %","1,02 %","1,02 %","-1,19 %","165.586.668,52","121,67","0,42","0,58 %","-0,35 %",5,"26,80",6.522,N/A,N/A,N/A
CBOP11,TIJOLO,"30,01","50.277,33","0,41","0,38 %","6,82 %","0,36 %","0,57 %","-2,12 %","104.417.919,59","73,79","0,41","0,16 %","-0,04 %",1,"20,60",3.287,N/A,N/A,N/A
CTXT11,TIJOLO,"12,25","1.637,42","0,40","0,04 %","4,78 %","0,21 %","0,40 %","1,00 %","106.747.528,03","48,33","0,25","0,19 %","-0,10 %",1,"43,54",2.854,N/A,N/A,N/A
PRSV11,TIJOLO,"77,53","2.139,60","0,37",N/A,N/A,N/A,N/A,N/A,"40.681.684,36","364,23","0,21","0,44 %","-0,03 %",1,"59,92",967,N/A,N/A,N/A
EDGA11,TIJOLO,"22,07","46.019,76","0,36","0,34 %","6,91 %","0,33 %","0,58 %","-0,83 %","233.412.008,92","61,24","0,36","0,11 %","-0,10 %",1,"32,76",5.389,N/A,N/A,N/A
ALMI11,TIJOLO,"703,33","33.264,06","0,35","0,00 %","0,00 %","0,00 %","0,00 %","0,00 %","226.377.128,52","2.046,78","0,34","0,00 %","-0,05 %",1,"33,48",2.308,N/A,N/A,N/A
RBOP11,TIJOLO,"280,00","27.029,97","0,34","0,82 %","17,27 %","0,77 %","1,44 %","-5,77 %","85.588.527,28",N/A,N/A,N/A,N/A,2,"44,41",3.675,N/A,N/A,N/A
FAMB11B,TIJOLO,"946,99","84.467,72","0,32","0,56 %","10,11 %","0,73 %","0,84 %","-47,80 %","309.702.732,26","3.593,26","0,26","0,25 %","0,53 %",1,"66,87",2.606,N/A,N/A,N/A
RBGS11,SHOPPING,"28,45",N/A,"0,31","0,62 %","6,17 %","0,53 %","0,51 %","-1,90 %","97.865.283,71","90,78","0,31","0,18 %","0,00 %",1,N/A,2.808,N/A,N/A,N/A
VSLH11,PAPEL,"3,14","306.821,58","0,31","0,93 %","10,37 %","0,83 %","0,86 %","-10,50 %","309.414.372,41","10,36","0,30","0,29 %","-0,29 %",0,"43,74",89.339,N/A,N/A,N/A
XPPR11,TIJOLO,"20,35","326.267,88","0,29","0,46 %","6,77 %","0,45 %","0,56 %","-1,75 %","512.067.992,22","69,99","0,29","0,14 %","-5,89 %",5,"26,03",58.517,N/A,N/A,N/A
HCTR11,PAPEL,"32,47","3.512.624,97","0,29","0,91 %","11,00 %","0,78 %","0,92 %","-35,67 %","2.494.574.598,33","112,96","0,29","0,24 %","-6,94 %",0,"48,92",198.762,N/A,N/A,N/A
CNES11,TIJOLO,"22,89","12.530,23","0,25","0,27 %","4,11 %","0,28 %","0,34 %","-17,20 %","267.623.847,50","90,76","0,25","0,07 %","1,49 %",1,"37,87",1.702,N/A,N/A,N/A
XPCM11,TIJOLO,"10,29","31.098,36","0,25","0,61 %","9,34 %","0,57 %","0,78 %","-5,54 %","99.993.881,57","41,41","0,25","0,17 %","-6,08 %",1,"26,59",24.483,N/A,N/A,N/A
HOFC11,TIJOLO,"21,13","81.604,18","0,23","0,52 %","8,46 %","0,61 %","0,71 %","-10,23 %","336.869.961,83",N/A,N/A,N/A,N/A,4,"31,49",7.302,N/A,N/A,N/A
CARE11,MISTO,"1,57","8.606,79","0,19","0,23 %","2,92 %","0,22 %","0,32 %","-2,63 %","297.092.233,50","1,60","0,98","0,10 %","-0,24 %",1,"34,89",11.742,N/A,N/A,N/A
TORD11,MISTO,"2,11","213.586,18","0,17","0,90 %","11,46 %","0,84 %","0,96 %","-24,53 %","443.077.856,90","13,99","0,15","0,36 %","8,62 %",1,"37,03",97.047,N/A,N/A,N/A
RBDS11,DESENVOLVIMENTO,"3,00","713,13","0,13","11,21 %","68,55 %","7,81 %","5,71 %","-51,20 %","2.771.533,38","22,98","0,13","0,00 %","0,00 %",0,"112,27",968,N/A,N/A,N/A
FEXC11,PAPEL,"83,50","860.137,12","0,10","0,00 %","11,48 %","0,36 %","0,96 %","0,00 %","1.001.470.167,13","90,75","0,92","0,99 %","-1,13 %",0,"14,57",36.232,N/A,N/A,N/A
VSEC11,PAPEL,"0,21","2,50","0,07",N/A,N/A,N/A,N/A,N/A,"182.284,39",N/A,N/A,N/A,N/A,0,"1.154,27",64,N/A,N/A,N/A
STRX11,DESENVOLVIMENTO,"8,52",N/A,"0,05","0,00 %","0,00 %","0,00 %","0,00 %","0,00 %","264.632.412,13","164,01","0,05","0,43 %","10,58 %",3,N/A,57,N/A,N/A,N/A
TCPF11,MISTO,"1,26",N/A,"0,01","0,00 %","0,00 %","0,00 %","0,00 %","0,00 %","35.035.660,99",N/A,N/A,N/A,N/A,0,N/A,51,N/A,N/A,N/A
AGRX11,TIJOLO,"10,70","189.276,36",N/A,"1,40 %","16,15 %","1,26 %","1,35 %","-1,29 %",N/A,N/A,N/A,N/A,N/A,0,"21,75",0,N/A,N/A,N/A
AROA11,TIJOLO,N/A,N/A,N/A,"0,00 %","0,00 %","0,00 %","0,00 %","0,00 %","179.192.331,38",N/A,N/A,N/A,N/A,6,N/A,1,N/A,N/A,N/A
AURB11,TIJOLO,N/A,N/A,N/A,"0,00 %","0,00 %","0,00 %","0,00 %","0,00 %","72.615.460,86",N/A,N/A,N/A,N/A,2,N/A,5,N/A,N/A,N/A
BBIM11,PAPEL,N/A,N/A,N/A,"0,00 %","0,00 %","0,00 %","0,00 %","0,00 %","17.665.182,23","17,07",N/A,"0,59 %","-43,18 %",0,N/A,20,N/A,N/A,N/A
BDIF11,DESENVOLVIMENTO,"92,29","2.481.999,42",N/A,"1,46 %","15,47 %","1,39 %","1,29 %","-4,42 %",N/A,N/A,N/A,N/A,N/A,0,"12,94",0,N/A,N/A,N/A
BDIV11,N/A,"121,06","527.838,67",N/A,"4,42 %","41,03 %","4,68 %","4,56 %","3,58 %",N/A,N/A,N/A,N/A,N/A,0,"21,42",0,N/A,N/A,N/A
BIDB11,DESENVOLVIMENTO,"87,15","157.122,70",N/A,"0,74 %","11,73 %","0,71 %","0,98 %","0,89 %",N/A,N/A,N/A,N/A,N/A,0,"9,34",0,N/A,N/A,N/A
BIPD11,TIJOLO,N/A,N/A,N/A,"0,00 %","0,00 %","0,00 %","0,00 %","0,00 %","48.095.081,91",N/A,N/A,N/A,N/A,0,N/A,111,N/A,N/A,N/A
BODB11,TIJOLO,"9,45","591.234,52",N/A,"1,26 %","12,65 %","1,16 %","1,05 %","-2,57 %",N/A,N/A,N/A,N/A,N/A,0,"8,69",0,N/A,N/A,N/A
BPLC11,MISTO,N/A,N/A,N/A,"0,00 %","0,00 %","0,00 %","0,00 %","0,00 %","318.553.742,53",N/A,N/A,N/A,N/A,1,N/A,114,N/A,N/A,N/A
BRZP11,N/A,"89,50","597.749,79",N/A,"0,51 %","5,69 %","0,51 %","0,47 %","-2,61 %",N/A,N/A,N/A,N/A,N/A,0,"20,44",0,N/A,N/A,N/A
BTAG11,TIJOLO,"94,67","528.157,45",N/A,"1,31 %","16,46 %","1,39 %","1,37 %","2,16 %",N/A,N/A,N/A,N/A,N/A,0,"16,63",0,N/A,N/A,N/A
BZEL11,MISTO,N/A,N/A,N/A,N/A,N/A,N/A,N/A,N/A,"415.338.051,14",N/A,N/A,N/A,N/A,0,N/A,3,N/A,N/A,N/A
CDII11,TIJOLO,"105,87","665.124,58",N/A,"1,05 %","7,88 %","1,64 %","1,97 %","-0,55 %",N/A,N/A,N/A,N/A,N/A,0,"6,43",0,N/A,N/A,N/A
CFHI11,DESENVOLVIMENTO,N/A,N/A,N/A,"0,00 %","0,00 %","0,00 %","0,00 %","0,00 %","60.990.466,32",N/A,N/A,N/A,N/A,2,N/A,54,N/A,N/A,N/A
CORM11,TIJOLO,N/A,N/A,N/A,"0,90 %","11,38 %","0,92 %","0,95 %","-2,97 %",N/A,"90,56",N/A,"0,89 %","-2,33 %",0,N/A,0,N/A,N/A,N/A
CPFO11,TIJOLO,N/A,N/A,N/A,N/A,N/A,N/A,N/A,N/A,"90.509.108,49",N/A,N/A,N/A,N/A,0,N/A,528,N/A,N/A,N/A
CPTI11,DESENVOLVIMENTO,"99,42","1.349.997,15",N/A,"1,18 %","12,58 %","1,23 %","1,05 %","-1,88 %",N/A,N/A,N/A,N/A,N/A,0,"9,92",0,N/A,N/A,N/A
CSMC11,TIJOLO,N/A,N/A,N/A,"0,00 %","0,00 %","0,00 %","0,00 %","0,00 %","555.033.107,14",N/A,N/A,N/A,N/A,5,N/A,1,N/A,N/A,N/A
CVPR11,TIJOLO,N/A,N/A,N/A,"0,00 %","0,00 %","0,00 %","0,00 %","0,00 %","13.775.398,34",N/A,N/A,N/A,N/A,0,N/A,2,N/A,N/A,N/A
DCRA11,MISTO,"9,28","213.666,79",N/A,"1,29 %","15,57 %","1,28 %","1,30 %","0,00 %",N/A,N/A,N/A,N/A,N/A,0,"11,50",0,N/A,N/A,N/A
DLMT11,TIJOLO,N/A,N/A,N/A,"0,00 %","0,00 %","0,00 %","0,00 %","0,00 %","8.514.217,56",N/A,N/A,N/A,N/A,5,N/A,9,N/A,N/A,N/A
ENDD11,N/A,"99,90","330.998,27",N/A,"2,55 %","14,49 %","1,82 %","2,90 %","18,53 %",N/A,N/A,N/A,N/A,N/A,0,"18,35",0,N/A,N/A,N/A
EQIA11,TIJOLO,N/A,N/A,N/A,N/A,N/A,N/A,N/A,N/A,N/A,N/A,N/A,N/A,N/A,0,N/A,0,N/A,N/A,N/A
ESUD11,N/A,N/A,N/A,N/A,"0,00 %","0,00 %","0,00 %","0,00 %","0,00 %",N/A,N/A,N/A,N/A,N/A,0,N/A,0,N/A,N/A,N/A
ESUT11,N/A,N/A,N/A,N/A,"0,00 %","0,00 %","0,00 %","0,00 %","0,00 %",N/A,N/A,N/A,N/A,N/A,0,N/A,N/A,N/A,N/A,N/A
ESUU11,N/A,"1.199,98",N/A,N/A,"0,00 %","0,00 %","0,00 %","0,00 %","0,00 %",N/A,N/A,N/A,N/A,N/A,0,N/A,0,N/A,N/A,N/A
FRHY11,TIJOLO,N/A,N/A,N/A,"0,00 %","0,00 %","0,00 %","0,00 %","0,00 %","4.624.735,39",N/A,N/A,N/A,N/A,0,N/A,7,N/A,N/A,N/A
HCRA11,TIJOLO,"103,10","10.509,07",N/A,"1,12 %","8,53 %","1,23 %","0,71 %","0,58 %",N/A,N/A,N/A,N/A,N/A,0,"14,49",0,N/A,N/A,N/A
HGRS11,TIJOLO,N/A,N/A,N/A,N/A,N/A,N/A,N/A,N/A,"60.930.580,00","92,86",N/A,"0,00 %","0,00 %",2,N/A,6,N/A,N/A,N/A
HILG11,TIJOLO,N/A,N/A,N/A,"0,00 %","0,00 %","0,00 %","0,00 %","0,00 %","95.234.604,41",N/A,N/A,N/A,N/A,0,N/A,50,N/A,N/A,N/A
IFRA11,DESENVOLVIMENTO,"103,79","1.213.618,24",N/A,"1,03 %","11,88 %","1,03 %","0,99 %","-0,72 %",N/A,N/A,N/A,N/A,N/A,0,"11,64",0,N/A,N/A,N/A
JURO11,DESENVOLVIMENTO,"106,04","1.920.377,52",N/A,"1,40 %","13,05 %","1,47 %","1,09 %","-1,82 %",N/A,N/A,N/A,N/A,N/A,0,"10,63",0,N/A,N/A,N/A
KDIF11,DESENVOLVIMENTO,"135,88","2.529.116,30",N/A,"0,75 %","10,75 %","0,75 %","0,90 %","-2,33 %",N/A,N/A,N/A,N/A,N/A,0,"13,09",0,N/A,N/A,N/A
KNOX11,TIJOLO,"100,50","398.751,63",N/A,"2,35 %","14,03 %","2,11 %","2,34 %","1,27 %",N/A,N/A,N/A,N/A,N/A,0,"16,09",0,N/A,N/A,N/A
KNPR11,TIJOLO,N/A,N/A,N/A,"0,00 %","0,00 %","0,00 %","0,00 %","0,00 %","60.067.088,32",N/A,N/A,N/A,N/A,0,N/A,593,N/A,N/A,N/A
KNUQ11,TIJOLO,N/A,N/A,N/A,"0,00 %","0,00 %","0,00 %","0,00 %","0,00 %","505.110.806,24",N/A,N/A,N/A,N/A,0,N/A,1,N/A,N/A,N/A
LAVF11,TIJOLO,N/A,N/A,N/A,"0,00 %","0,00 %","0,00 %","0,00 %","0,00 %","116.243,80",N/A,N/A,N/A,N/A,0,N/A,7,N/A,N/A,N/A
LPLP11,TIJOLO,N/A,N/A,N/A,"0,00 %","0,00 %","0,00 %","0,00 %","0,00 %","163.892.580,21",N/A,N/A,N/A,N/A,0,N/A,5,N/A,N/A,N/A
LSAG11,MISTO,"104,96","68.601,00",N/A,"1,43 %","16,73 %","1,21 %","1,39 %","-1,41 %",N/A,N/A,N/A,N/A,N/A,0,"21,09",0,N/A,N/A,N/A
MBRF11,TIJOLO,N/A,N/A,N/A,"0,00 %","0,00 %","0,00 %","0,00 %","0,00 %",N/A,"1.136,01",N/A,"0,88 %","-0,17 %",0,N/A,0,N/A,N/A,N/A
MGRI11,TIJOLO,N/A,N/A,N/A,"0,00 %","0,00 %","0,00 %","0,00 %","0,00 %","24.159.354,76",N/A,N/A,N/A,N/A,1,N/A,1,N/A,N/A,N/A
MMPD11,TIJOLO,N/A,N/A,N/A,"0,00 %","0,00 %","0,00 %","0,00 %","0,00 %","57.974.030,58",N/A,N/A,N/A,N/A,0,N/A,55,N/A,N/A,N/A
OPTM11,MISTO,N/A,N/A,N/A,"0,00 %","0,00 %","0,00 %","0,00 %","0,00 %","11.172.349,93",N/A,N/A,N/A,N/A,0,N/A,63,N/A,N/A,N/A
PABY11,DESENVOLVIMENTO,"24,70","966,84",N/A,N/A,N/A,N/A,N/A,N/A,"-15.347.784,94","251,42","0,10","0,00 %","1,74 %",15,"136,40",667,N/A,N/A,N/A
PATB11,TIJOLO,N/A,N/A,N/A,"0,00 %","0,00 %","0,00 %","0,00 %","0,00 %","657.509.552,45",N/A,N/A,N/A,N/A,3,N/A,56,N/A,N/A,N/A
PFIN11,N/A,"69,62","812.296,06",N/A,"1,43 %","21,66 %","1,50 %","2,17 %","15,31 %",N/A,N/A,N/A,N/A,N/A,0,"20,43",0,N/A,N/A,N/A
PICE11,N/A,"71,82","348.455,79",N/A,"0,80 %","10,80 %","0,78 %","0,90 %","-6,89 %",N/A,N/A,N/A,N/A,N/A,0,"18,29",0,N/A,N/A,N/A
PMFO11,MISTO,N/A,N/A,N/A,"0,00 %","0,00 %","0,00 %","0,00 %","0,00 %","49.535.538,30",N/A,N/A,N/A,N/A,0,N/A,92,N/A,N/A,N/A
PNCR11,TIJOLO,N/A,N/A,N/A,N/A,N/A,N/A,N/A,N/A,"45.086.785,63",N/A,N/A,N/A,N/A,0,N/A,110,N/A,N/A,N/A
PPEI11,N/A,"88,06","361.853,88",N/A,"4,62 %","15,27 %","4,55 %","5,09 %","4,30 %",N/A,N/A,N/A,N/A,N/A,0,"22,18",0,N/A,N/A,N/A
RBCO11,TIJOLO,N/A,N/A,N/A,"0,00 %","0,00 %","0,00 %","0,00 %","0,00 %",N/A,"90,22",N/A,"0,22 %","1,03 %",0,N/A,0,N/A,N/A,N/A
RBIF11,DESENVOLVIMENTO,"98,00","35.460,45",N/A,"0,90 %","9,94 %","1,10 %","0,83 %","-1,08 %",N/A,N/A,N/A,N/A,N/A,0,"39,73",0,N/A,N/A,N/A
RURA11,MISTO,"10,60","2.366.481,48",N/A,"1,14 %","13,95 %","1,16 %","1,16 %","-0,47 %",N/A,N/A,N/A,N/A,N/A,0,"13,04",0,N/A,N/A,N/A
SHSO11,TIJOLO,N/A,N/A,N/A,"0,00 %","0,00 %","0,00 %","0,00 %","0,00 %","19.378.353,50",N/A,N/A,N/A,N/A,0,N/A,1,N/A,N/A,N/A
SNID11,DESENVOLVIMENTO,"100,94","186.276,21",N/A,"1,13 %","9,64 %","1,13 %","0,80 %","0,30 %",N/A,N/A,N/A,N/A,N/A,0,"4,24",0,N/A,N/A,N/A
SPVJ11,SHOPPING,N/A,N/A,N/A,"0,00 %","0,00 %","0,00 %","0,00 %","0,00 %","732.972.044,48","116,12",N/A,"0,58 %","-0,10 %",15,N/A,27,N/A,N/A,N/A
VIDS11,DESENVOLVIMENTO,N/A,N/A,N/A,"0,00 %","0,00 %","0,00 %","0,00 %","0,00 %","78.969.484,35",N/A,N/A,N/A,N/A,0,N/A,199,N/A,N/A,N/A
VIGT11,N/A,"74,90","676.548,55",N/A,"3,04 %","27,00 %","3,19 %","3,38 %","0,06 %",N/A,N/A,N/A,N/A,N/A,0,"15,36",0,N/A,N/A,N/A
VJFD11,PAPEL,N/A,N/A,N/A,"0,00 %","0,00 %","0,00 %","0,00 %","0,00 %","665.079.245,48","136,39",N/A,"0,55 %","0,24 %",39,N/A,97,N/A,N/A,N/A
VLIQ11,TIJOLO,N/A,N/A,N/A,"0,00 %","0,00 %","0,00 %","0,00 %","0,00 %",N/A,N/A,N/A,N/A,N/A,0,N/A,1,N/A,N/A,N/A
VTPL11,PAPEL,N/A,N/A,N/A,"0,00 %","0,00 %","0,00 %","0,00 %","0,00 %","106.726.272,49",N/A,N/A,N/A,N/A,2,N/A,53,N/A,N/A,N/A
XPID11,DESENVOLVIMENTO,"87,25","852.899,06",N/A,"0,50 %","7,83 %","0,61 %","0,65 %","-0,53 %",N/A,N/A,N/A,N/A,N/A,0,"10,64",0,N/A,N/A,N/A
XPIE11,N/A,"77,88","1.638.637,55",N/A,"0,75 %","29,96 %","0,95 %","2,72 %","-5,26 %",N/A,N/A,N/A,N/A,N/A,0,"12,52",0,N/A,N/A,N/A
YUFI11B,TIJOLO,N/A,N/A,N/A,"0,00 %","0,00 %","0,00 %","0,00 %","0,00 %",N/A,"105,53",N/A,"0,60 %","-0,01 %",0,N/A,N/A,N/A,N/A,N/A
?,?,"42,00",1.027,"0,60","1,57 %","15,34 %","1,06 %","1,28 %","-7,79 %",39.778.168,N/A,N/A,N/A,N/A,0,"67,71",373,N/A,N/A,N/A
?,?,"9,74","4.527.574,42","1,01","1,20 %","15,22 %","1,25 %","1,27 %","2,68 %",994.767.385,"9,64","1,01","1,24 %","0,00 %",0,"10,43",226.183,N/A,N/A,N/A
?,?,"103,00","213.783,30","1,09","0,39 %","0,39 %","0,39 %","0,39 %","0,00 %",167.038.269,N/A,N/A,N/A,N/A,1,"85,27",286,N/A,N/A,N/A
?,?,"110,72","15.546.428,15","0,99","0,76 %","9,50 %","0,76 %","0,71 %","-1,06 %",3.461.722.290,"112,31","0,99","0,76 %","11,26 %",2,"13,99",370.163,N/A,N/A,N/A
?,?,"105,05",N/A,"0,83","0,65 %","7,83 %","0,66 %","0,65 %","1,88 %",N/A,"100,97","0,9","0,69 %","-2,34 %",4,"18,04",220,N/A,N/A,N/A
